"","RT","SERIALNO","SPORDER","PUMA","ST","ADJINC","PWGTP","AGEP","CIT","CITWP","COW","DDRS","DEAR","DEYE","DOUT","DPHY","DRAT","DRATX","DREM","ENG","FER","GCL","GCM","GCR","HINS1","HINS2","HINS3","HINS4","HINS5","HINS6","HINS7","INTP","JWMNP","JWRIP","JWTR","LANX","MAR","MARHD","MARHM","MARHT","MARHW","MARHYP","MIG","MIL","MLPA","MLPB","MLPCD","MLPE","MLPFG","MLPH","MLPI","MLPJ","MLPK","NWAB","NWAV","NWLA","NWLK","NWRE","OIP","PAP","RELP","RETP","SCH","SCHG","SCHL","SEMP","SEX","SSIP","SSP","WAGP","WKHP","WKL","WKW","WRK","YOEP","ANC","ANC1P","ANC2P","DECADE","DIS","DRIVESP","ESP","ESR","FHICOVP","FOD1P","FOD2P","HICOV","HISP","INDP","JWAP","JWDP","LANP","MIGPUMA","MIGSP","MSP","NAICSP","NATIVITY","NOP","OC","OCCP","PAOC","PERNP","PINCP","POBP","POVPIP","POWPUMA","POWSP","PRIVCOV","PUBCOV","QTRBIR","RAC1P","RAC2P","RAC3P","RACAIAN","RACASN","RACBLK","RACNH","RACNUM","RACPI","RACSOR","RACWHT","RC","SCIENGP","SCIENGRLP","SFN","SFR","SOCP","VPS","WAOB","FAGEP","FANCP","FCITP","FCITWP","FCOWP","FDDRSP","FDEARP","FDEYEP","FDISP","FDOUTP","FDPHYP","FDRATP","FDRATXP","FDREMP","FENGP","FESRP","FFERP","FFODP","FGCLP","FGCMP","FGCRP","FHINS1P","FHINS2P","FHINS3C","FHINS3P","FHINS4C","FHINS4P","FHINS5C","FHINS5P","FHINS6P","FHINS7P","FHISP","FINDP","FINTP","FJWDP","FJWMNP","FJWRIP","FJWTRP","FLANP","FLANXP","FMARHDP","FMARHMP","FMARHTP","FMARHWP","FMARHYP","FMARP","FMIGP","FMIGSP","FMILPP","FMILSP","FOCCP","FOIP","FPAP","FPERNP","FPINCP","FPOBP","FPOWSP","FPRIVCOVP","FPUBCOVP","FRACP","FRELP","FRETP","FSCHGP","FSCHLP","FSCHP","FSEMP","FSEXP","FSSIP","FSSP","FWAGP","FWKHP","FWKLP","FWKWP","FWRKP","FYOEP","pwgtp1","pwgtp2","pwgtp3","pwgtp4","pwgtp5","pwgtp6","pwgtp7","pwgtp8","pwgtp9","pwgtp10","pwgtp11","pwgtp12","pwgtp13","pwgtp14","pwgtp15","pwgtp16","pwgtp17","pwgtp18","pwgtp19","pwgtp20","pwgtp21","pwgtp22","pwgtp23","pwgtp24","pwgtp25","pwgtp26","pwgtp27","pwgtp28","pwgtp29","pwgtp30","pwgtp31","pwgtp32","pwgtp33","pwgtp34","pwgtp35","pwgtp36","pwgtp37","pwgtp38","pwgtp39","pwgtp40","pwgtp41","pwgtp42","pwgtp43","pwgtp44","pwgtp45","pwgtp46","pwgtp47","pwgtp48","pwgtp49","pwgtp50","pwgtp51","pwgtp52","pwgtp53","pwgtp54","pwgtp55","pwgtp56","pwgtp57","pwgtp58","pwgtp59","pwgtp60","pwgtp61","pwgtp62","pwgtp63","pwgtp64","pwgtp65","pwgtp66","pwgtp67","pwgtp68","pwgtp69","pwgtp70","pwgtp71","pwgtp72","pwgtp73","pwgtp74","pwgtp75","pwgtp76","pwgtp77","pwgtp78","pwgtp79","pwgtp80"
"1158","P","281031",5,100,56,1008425,77,16,1,NA,NA,2,2,2,2,2,NA,NA,2,NA,NA,NA,NA,NA,2,2,2,1,2,2,2,0,NA,NA,NA,2,5,NA,NA,NA,NA,NA,1,NA,NA,NA,NA,NA,NA,NA,NA,NA,NA,2,5,2,2,3,0,0,3,0,2,11,11,0,1,0,0,0,NA,3,NA,2,NA,1,195,999,NA,2,NA,5,6,0,NA,NA,1,1,NA,NA,NA,NA,NA,NA,6,"",1,5,1,NA,NA,0,0,12,178,NA,NA,2,1,1,1,1,1,0,0,0,0,1,0,0,1,1,NA,NA,NA,NA,"",NA,1,0,0,0,0,0,0,0,0,0,0,0,0,0,0,0,0,0,0,0,0,0,0,0,NA,0,0,0,NA,0,0,0,0,0,0,0,0,0,0,0,0,0,0,0,0,0,0,0,0,0,0,0,0,0,0,0,0,0,0,0,0,0,0,0,0,0,0,0,0,0,0,0,0,0,0,0,120,110,109,69,18,69,146,93,75,88,106,31,24,29,87,87,53,72,86,125,33,26,28,100,130,76,24,84,75,32,80,116,117,131,92,95,95,62,70,149,31,20,30,75,131,88,26,110,65,25,63,136,83,124,106,120,102,63,98,36,145,172,118,71,18,65,135,77,68,109,72,24,24,27,55,64,92,83,81,20
"4028","P","1019768",1,500,56,1008425,77,34,1,NA,1,2,2,2,2,2,NA,NA,2,NA,2,2,NA,NA,2,2,2,2,2,2,2,4,7,1,1,2,3,2,2,1,2,2003,1,4,NA,NA,NA,NA,NA,NA,NA,NA,NA,3,5,3,3,3,2800,0,0,0,1,NA,20,0,2,0,0,23000,41,1,3,1,NA,1,32,999,NA,2,1,NA,1,0,NA,NA,2,1,7290,95,55,NA,NA,NA,4,"5413",1,NA,0,100,1,23000,25804,56,158,500,56,2,2,3,1,1,1,0,0,0,0,1,0,0,1,0,NA,NA,NA,NA,"113011",NA,1,0,0,0,0,0,0,0,0,0,0,0,0,0,0,0,0,0,0,0,0,0,0,0,NA,0,NA,0,NA,0,0,0,0,0,0,0,0,0,0,0,0,0,0,0,0,0,0,0,0,0,0,0,0,0,0,0,0,0,0,0,0,0,0,0,0,0,0,0,0,0,0,0,0,0,0,0,81,124,85,101,69,23,80,52,151,26,87,132,80,61,23,26,138,86,98,24,95,138,78,55,75,26,89,90,154,26,124,105,70,79,31,25,111,70,83,24,89,100,75,84,74,22,119,84,103,21,148,141,74,83,30,25,128,71,83,30,78,138,57,95,53,22,69,97,122,28,145,117,68,80,22,22,114,93,77,22
"99","P","25192",1,300,56,1008425,65,46,1,NA,7,2,2,2,2,2,NA,NA,2,NA,NA,2,NA,NA,2,1,2,2,2,2,2,0,15,1,1,2,1,2,2,1,2,1996,1,4,NA,NA,NA,NA,NA,NA,NA,NA,NA,3,5,3,3,3,0,0,0,0,1,NA,19,0,1,0,0,96000,50,1,1,1,NA,1,32,999,NA,2,1,NA,1,0,NA,NA,1,1,8590,103,61,NA,NA,NA,1,"713Z",1,NA,0,430,NA,96000,96000,35,414,300,56,1,2,4,1,1,1,0,0,0,0,1,0,0,1,0,NA,NA,NA,NA,"119XXX",NA,1,0,0,0,0,0,0,0,0,0,0,0,0,0,0,0,0,0,0,0,0,0,0,0,NA,0,NA,0,NA,0,0,0,0,0,0,0,0,0,0,0,0,0,0,0,0,0,0,0,0,0,0,0,0,0,0,0,0,0,0,0,0,0,0,0,0,0,0,0,0,0,0,0,0,0,0,0,69,96,135,123,93,90,70,70,56,20,18,19,55,103,72,17,80,76,22,100,73,92,109,126,60,64,65,68,57,15,21,17,63,127,68,18,65,80,20,20,63,13,19,20,50,67,79,74,72,119,115,118,61,19,73,119,69,70,126,19,58,16,16,17,82,64,77,69,70,89,92,118,66,24,81,87,72,75,134,83
"498","P","131626",1,500,56,1008425,15,19,1,NA,1,2,2,2,2,2,NA,NA,2,NA,NA,NA,NA,NA,1,2,2,2,2,2,2,0,NA,NA,NA,2,5,NA,NA,NA,NA,NA,1,4,NA,NA,NA,NA,NA,NA,NA,NA,NA,2,5,2,2,3,0,0,17,0,2,15,19,0,1,0,0,0,NA,2,NA,2,NA,1,902,999,NA,2,NA,NA,6,0,NA,NA,1,1,8470,NA,NA,NA,NA,NA,6,"6244",1,NA,0,4220,NA,0,0,41,NA,NA,NA,1,2,2,2,2,2,0,0,1,0,1,0,0,0,0,NA,NA,NA,NA,"37201X",NA,1,0,0,0,0,0,0,0,0,0,0,0,0,0,0,0,0,0,0,0,0,0,0,0,NA,0,NA,0,NA,0,0,0,0,0,0,0,0,0,0,0,0,0,0,0,0,0,0,0,0,0,0,0,0,0,0,0,0,0,0,0,0,0,0,0,0,0,0,0,0,0,0,0,0,0,0,0,28,35,16,30,34,16,16,16,15,27,13,34,21,26,28,27,25,16,15,16,2,2,15,2,2,13,17,18,15,2,15,3,12,3,2,2,2,19,21,13,2,2,17,3,2,18,15,14,21,3,14,2,15,2,2,3,2,17,13,17,32,34,16,27,25,12,14,14,15,28,17,26,14,33,29,29,29,14,15,15
"4580","P","1186499",2,300,56,1008425,113,68,1,NA,6,2,2,2,2,2,2,1,2,NA,NA,2,NA,NA,2,2,1,1,1,2,2,0,10,1,1,2,1,2,2,2,2,2009,1,2,0,0,0,1,0,0,0,0,0,3,5,3,3,3,0,0,1,0,1,NA,21,60000,1,0,9600,0,30,1,3,1,NA,2,925,88,NA,2,1,NA,1,1,5200,NA,1,1,7070,3,1,NA,NA,NA,1,"531",1,NA,0,410,NA,60000,69600,40,501,300,56,1,1,2,1,1,1,0,0,0,0,1,0,0,1,0,1,2,NA,NA,"119141",6,1,0,0,0,0,0,0,0,0,0,0,0,0,0,0,0,0,0,0,0,0,0,1,1,0,0,0,1,0,0,1,1,0,0,0,0,1,1,0,0,0,0,0,0,0,0,0,0,0,0,0,0,0,0,0,0,0,0,1,1,0,0,0,0,0,0,0,0,0,0,0,0,0,0,0,0,37,121,197,47,35,184,95,106,123,121,190,83,74,125,41,83,40,148,100,23,178,121,30,222,250,36,142,106,39,83,29,144,84,127,255,145,172,112,123,139,46,119,222,41,30,174,120,115,135,90,228,81,116,133,36,129,34,116,92,37,154,123,29,162,226,38,92,125,44,120,30,115,110,102,261,118,181,133,96,192
"2933","P","752612",1,300,56,1008425,102,45,1,NA,3,2,2,2,2,2,NA,NA,2,NA,2,2,NA,NA,1,2,2,2,2,2,2,0,8,2,1,2,1,2,2,1,2,1995,1,4,NA,NA,NA,NA,NA,NA,NA,NA,NA,3,5,3,3,3,0,0,0,0,1,NA,21,0,2,0,0,21000,40,1,1,1,NA,2,32,50,NA,2,2,NA,1,0,2901,6206,1,1,7860,86,46,NA,NA,NA,1,"6111",1,NA,0,2540,2,21000,21000,44,240,300,56,1,2,4,1,1,1,0,0,0,0,1,0,0,1,0,2,2,NA,NA,"259041",NA,1,0,0,0,0,0,0,0,0,0,0,0,0,0,0,0,0,0,0,0,0,0,0,0,NA,0,NA,0,NA,0,0,0,0,0,0,0,0,0,0,0,0,0,0,0,0,0,0,0,0,0,0,0,0,0,0,0,0,0,0,0,0,0,0,0,0,0,0,0,0,0,0,0,0,0,0,0,63,69,107,126,85,86,92,174,86,27,143,83,139,106,27,97,39,157,95,122,24,24,80,127,93,99,126,153,163,38,176,138,141,97,38,110,38,161,90,129,36,26,114,122,81,78,109,171,129,38,180,68,155,97,33,124,34,184,101,230,27,44,87,95,91,101,138,204,106,31,138,147,204,75,31,106,29,174,68,132
"2639","P","686019",2,300,56,1008425,107,65,1,NA,NA,2,2,2,2,2,NA,NA,2,1,NA,2,NA,NA,1,2,1,2,2,2,2,0,NA,NA,NA,1,1,2,2,3,2,1991,1,4,NA,NA,NA,NA,NA,NA,NA,NA,NA,2,5,2,2,3,0,0,1,40000,1,NA,11,0,1,0,18000,0,NA,3,NA,2,NA,1,200,999,NA,2,NA,NA,6,0,NA,NA,1,23,NA,NA,NA,625,NA,NA,1,"",1,NA,0,NA,NA,0,58000,35,501,NA,NA,1,1,3,1,1,1,0,0,0,0,1,0,0,1,0,NA,NA,NA,NA,"",NA,1,0,0,0,0,0,0,0,0,0,0,0,0,0,0,0,0,0,0,0,0,0,0,0,1,0,NA,0,NA,0,0,0,0,0,0,0,0,0,0,0,0,0,0,0,0,0,0,0,0,0,0,0,0,0,0,0,0,0,0,0,0,0,0,0,0,0,0,0,0,0,0,0,0,0,0,0,98,53,150,99,39,100,134,137,120,88,84,83,110,88,32,38,30,91,145,35,118,147,110,124,182,108,35,43,59,130,141,159,87,130,148,170,168,110,48,283,132,42,108,145,25,100,219,191,228,129,101,126,105,169,29,32,44,95,187,26,83,157,106,77,184,98,23,32,39,96,128,110,104,77,172,167,156,98,31,187
"2433","P","629869",1,500,56,1008425,236,80,1,NA,NA,2,2,2,2,2,NA,NA,2,NA,NA,2,NA,NA,1,1,1,2,2,2,2,1000,NA,NA,NA,2,2,2,2,1,2,1954,1,4,NA,NA,NA,NA,NA,NA,NA,NA,NA,2,5,2,2,3,0,0,0,25500,1,NA,16,0,2,0,19500,0,NA,3,NA,2,NA,1,51,999,NA,2,NA,NA,6,1,NA,NA,1,1,NA,NA,NA,NA,NA,NA,3,"",1,NA,0,NA,4,0,46000,56,411,NA,NA,1,1,4,1,1,1,0,0,0,0,1,0,0,1,0,NA,NA,NA,NA,"",NA,1,0,0,0,0,0,0,0,0,0,0,0,0,0,0,0,0,0,0,0,0,0,0,1,0,0,NA,1,NA,1,1,1,0,0,0,0,0,0,0,0,0,0,0,0,0,0,0,0,0,0,0,0,0,0,0,0,0,0,1,1,0,0,0,0,0,0,0,0,0,0,0,0,0,0,0,0,55,58,204,347,81,390,317,210,223,230,218,220,89,419,270,267,384,324,234,193,242,277,246,229,310,247,288,106,80,81,131,267,163,280,89,343,194,206,282,504,373,308,187,132,237,91,243,180,227,223,283,222,315,50,167,302,79,122,233,301,294,270,74,165,261,242,82,476,369,321,407,92,226,161,298,68,233,194,105,101
"3928","P","984631",2,200,56,1008425,22,66,1,NA,NA,2,1,2,2,2,NA,2,2,NA,NA,2,NA,NA,1,2,1,2,2,2,2,0,NA,NA,NA,2,1,2,2,1,2,1991,1,2,0,0,0,1,0,0,0,0,0,2,5,2,2,3,0,0,1,15600,1,NA,20,0,1,0,20900,0,NA,3,NA,2,NA,1,32,999,NA,1,NA,NA,6,0,NA,NA,1,1,NA,NA,NA,NA,NA,NA,1,"",1,NA,0,NA,NA,0,36500,56,277,NA,NA,1,1,3,1,1,1,0,0,0,0,1,0,0,1,0,NA,NA,NA,NA,"",6,1,0,0,0,0,0,0,0,0,0,0,0,0,0,0,0,0,0,0,0,0,0,0,0,0,0,NA,0,NA,0,0,0,0,0,0,0,0,0,0,0,0,0,0,0,0,0,0,0,0,0,0,0,0,0,0,0,0,0,0,0,0,0,0,0,0,0,0,0,0,0,0,0,0,0,0,0,22,19,8,22,6,21,31,21,41,17,32,20,24,32,22,6,37,31,5,6,25,27,7,17,6,31,20,21,36,14,39,25,18,24,17,4,29,32,6,8,18,24,6,18,4,21,24,17,35,23,31,25,26,40,20,6,38,41,6,5,23,18,6,20,8,20,18,29,55,21,36,19,19,32,17,3,29,42,7,10
"5712","P","1476755",2,100,56,1008425,19,60,1,NA,6,2,2,2,2,2,NA,NA,2,NA,NA,2,NA,NA,1,2,2,2,2,2,2,133000,NA,NA,NA,2,1,2,2,2,2,2008,1,4,NA,NA,NA,NA,NA,NA,NA,NA,NA,2,5,2,2,2,0,0,1,0,1,NA,16,0,1,0,0,0,NA,2,NA,2,NA,1,32,999,NA,2,NA,NA,6,0,NA,NA,1,1,170,NA,NA,NA,NA,NA,1,"111",1,NA,0,205,NA,0,133000,27,501,NA,NA,1,2,2,1,1,1,0,0,0,0,1,0,0,1,0,NA,NA,NA,NA,"119013",NA,1,0,0,0,0,0,0,0,0,0,0,0,0,0,0,0,0,0,0,0,0,0,0,0,NA,0,NA,0,NA,0,0,0,0,0,0,0,0,0,0,0,0,0,0,0,0,0,0,0,0,0,0,0,0,0,0,0,0,0,0,0,0,0,0,0,0,0,0,0,0,0,0,0,0,0,0,0,30,23,16,37,27,3,31,39,5,17,16,5,19,6,20,16,17,29,18,6,33,17,18,27,21,5,24,32,5,14,25,5,19,5,15,19,23,38,18,33,7,18,17,5,18,20,5,8,33,20,18,22,17,36,16,17,14,5,27,27,7,23,23,5,17,33,5,5,39,25,19,30,18,33,19,19,19,4,16,8
"362","P","94966",1,100,56,1008425,20,39,1,NA,7,2,2,2,2,2,NA,NA,2,NA,2,2,NA,NA,1,2,2,2,2,2,2,0,NA,NA,11,2,1,2,2,1,2,1995,1,4,NA,NA,NA,NA,NA,NA,NA,NA,NA,3,5,3,3,3,0,0,0,0,1,NA,20,0,2,0,0,40000,20,1,1,1,NA,2,20,89,NA,2,NA,NA,1,0,NA,NA,1,1,7390,NA,NA,NA,NA,NA,1,"5416",1,NA,0,430,2,40000,40000,56,217,100,56,1,2,3,1,1,1,0,0,0,0,1,0,0,1,0,NA,NA,NA,NA,"119XXX",NA,1,0,0,0,0,0,0,0,0,0,0,0,0,0,0,0,0,0,0,0,0,0,0,0,NA,0,NA,0,NA,0,0,0,0,0,0,0,0,0,0,0,0,0,0,0,0,0,0,0,0,0,0,0,0,0,0,0,0,0,0,0,0,0,0,0,0,0,0,0,0,0,0,0,0,0,0,0,22,30,14,24,31,21,29,6,6,30,15,21,25,20,4,18,5,7,37,15,22,34,19,18,32,28,29,4,10,17,13,21,28,16,7,16,5,7,34,14,25,36,16,20,43,24,23,6,5,17,23,22,29,22,4,22,7,7,46,22,21,23,18,24,30,20,34,3,7,24,12,18,36,13,5,17,5,7,40,22
"942","P","222259",2,100,56,1008425,17,65,1,NA,1,2,2,2,2,2,NA,NA,2,NA,NA,2,NA,NA,2,2,2,2,2,2,2,0,5,1,1,2,3,2,2,2,2,1974,3,4,NA,NA,NA,NA,NA,NA,NA,NA,NA,3,5,3,3,3,0,0,15,0,1,NA,16,0,2,0,0,22000,40,1,1,1,NA,2,22,50,NA,2,1,NA,1,0,NA,NA,2,1,5090,116,76,NA,100,56,4,"447",1,NA,0,20,4,22000,22000,6,194,100,56,2,2,3,1,1,1,0,0,0,0,1,0,0,1,0,NA,NA,NA,NA,"111021",NA,1,0,0,0,0,0,0,0,0,0,0,0,0,0,0,0,0,0,0,0,0,0,0,0,NA,0,NA,0,NA,0,0,0,0,0,0,0,0,0,0,0,0,0,0,0,0,0,0,0,0,0,0,0,0,0,0,0,0,0,0,0,0,0,0,0,0,0,0,0,0,0,0,0,0,0,0,0,6,17,12,11,15,4,11,21,58,19,3,6,34,16,7,21,27,24,10,15,4,15,12,17,19,6,16,16,37,29,5,5,43,18,3,35,33,19,12,29,24,20,27,13,24,33,21,9,5,6,21,21,6,20,25,5,7,22,27,10,28,26,15,17,22,23,18,7,4,7,16,13,7,29,25,6,6,22,14,22
"4294","P","1091456",1,400,56,1008425,83,57,1,NA,1,2,2,2,2,2,NA,NA,2,NA,NA,2,NA,NA,1,2,2,2,2,2,2,133000,15,1,1,2,1,2,2,2,2,2011,1,4,NA,NA,NA,NA,NA,NA,NA,NA,NA,3,5,3,3,3,0,0,0,0,1,NA,19,0,1,0,0,70000,40,1,1,1,NA,1,939,999,NA,2,1,NA,1,0,NA,NA,1,1,4590,81,39,NA,NA,NA,1,"42S",1,NA,0,4710,NA,70000,203000,56,501,400,56,1,2,3,1,1,1,0,0,0,0,1,0,0,1,0,NA,NA,NA,NA,"411012",NA,1,0,0,0,0,0,1,1,1,1,1,1,0,0,1,0,0,0,0,0,0,0,0,0,NA,0,NA,0,NA,0,0,0,0,0,1,1,1,1,0,0,0,1,1,1,1,1,0,0,0,0,0,0,1,1,1,1,0,1,0,0,0,0,1,0,0,0,0,0,0,1,1,0,0,0,0,0,152,73,19,72,137,81,87,172,82,27,23,23,84,73,85,105,74,133,151,23,150,105,26,84,149,80,77,142,88,26,31,26,77,81,72,76,73,122,142,116,20,72,116,93,28,81,77,27,87,111,133,149,101,92,87,80,78,26,22,138,31,87,154,81,32,90,82,26,66,143,165,117,79,83,68,78,95,27,31,27
"5556","P","1426745",1,300,56,1008425,163,92,1,NA,NA,1,2,1,1,1,NA,NA,1,NA,NA,2,NA,NA,2,2,1,2,1,2,2,30,NA,NA,NA,2,2,2,2,1,2,1946,1,4,NA,NA,NA,NA,NA,NA,NA,NA,NA,2,5,2,2,3,0,0,0,20400,1,NA,19,0,2,0,12600,0,NA,3,NA,2,NA,2,82,89,NA,1,NA,NA,6,1,NA,NA,1,1,NA,NA,NA,NA,NA,NA,3,"",1,NA,0,NA,4,0,33030,31,303,NA,NA,1,1,1,1,1,1,0,0,0,0,1,0,0,1,0,NA,NA,NA,NA,"",NA,1,0,0,0,0,0,0,0,0,0,0,0,0,0,0,0,0,0,0,0,0,0,1,1,0,0,NA,1,0,0,1,1,0,0,0,0,0,0,0,0,0,0,0,0,0,0,0,0,0,0,0,0,0,0,0,0,0,0,1,1,0,0,0,0,0,0,0,0,0,0,0,0,0,0,0,0,177,163,70,166,314,78,63,205,152,115,316,191,192,127,170,148,49,149,62,228,168,185,58,156,322,44,53,240,160,164,210,139,278,160,210,154,36,222,51,249,174,161,46,144,263,67,57,273,152,134,272,184,266,144,189,123,44,150,46,279,242,198,46,159,315,56,42,272,161,159,230,160,262,179,154,178,70,136,61,295
"2983","P","763274",3,100,56,1008425,19,15,1,NA,NA,2,2,2,2,2,NA,NA,2,NA,NA,NA,NA,NA,1,1,2,2,2,2,2,0,NA,NA,NA,2,5,NA,NA,NA,NA,NA,1,NA,NA,NA,NA,NA,NA,NA,NA,NA,NA,NA,NA,NA,NA,NA,0,0,2,0,2,11,12,0,1,0,0,0,NA,NA,NA,NA,NA,2,195,97,NA,2,NA,7,NA,0,NA,NA,1,1,NA,NA,NA,NA,NA,NA,6,"",1,7,1,NA,NA,NA,0,16,167,NA,NA,1,2,4,1,1,1,0,0,0,0,1,0,0,1,1,NA,NA,NA,NA,"",NA,1,0,0,0,0,0,0,0,0,0,0,0,0,0,0,0,0,0,0,0,0,0,0,0,NA,0,NA,0,NA,0,0,0,0,0,0,0,0,0,0,0,0,0,0,0,0,0,0,0,0,0,0,0,0,0,0,0,0,0,0,0,0,0,0,0,0,0,0,0,0,0,0,0,0,0,0,0,24,18,28,16,34,46,20,5,25,51,5,17,15,6,27,9,12,18,20,43,5,29,5,19,18,4,19,31,5,6,30,19,18,30,18,28,18,16,15,22,5,12,9,24,24,7,18,40,7,8,39,20,11,28,29,37,16,16,22,6,45,20,37,20,12,25,18,6,24,27,6,12,20,8,22,5,14,20,17,5
"5166","P","1330732",2,100,56,1008425,54,60,1,NA,NA,2,2,2,2,2,NA,NA,2,2,NA,2,NA,NA,1,2,2,2,2,2,2,0,NA,NA,NA,1,1,2,2,1,2,1974,1,4,NA,NA,NA,NA,NA,NA,NA,NA,NA,2,5,2,2,2,0,0,1,0,1,NA,20,0,2,0,0,0,NA,3,NA,2,NA,1,89,999,NA,2,NA,NA,6,0,NA,NA,1,1,NA,NA,NA,614,NA,NA,1,"",1,NA,0,NA,4,0,0,16,501,NA,NA,1,2,2,1,1,1,0,0,0,0,1,0,0,1,0,NA,NA,NA,NA,"",NA,1,0,0,0,0,0,0,0,0,0,0,0,0,0,0,0,0,0,0,0,0,0,0,0,NA,0,NA,0,NA,0,0,0,0,0,0,0,0,0,0,0,0,0,0,0,0,0,0,0,0,0,0,0,0,0,0,0,0,0,0,0,0,0,0,0,0,0,0,0,0,0,0,0,0,0,0,0,56,47,121,74,58,105,104,82,55,42,39,72,52,100,44,69,104,114,104,49,67,72,15,23,49,12,18,51,48,47,52,17,51,17,64,18,13,20,15,53,56,48,113,84,54,105,105,77,42,43,59,77,60,85,40,90,127,85,77,60,65,43,12,19,59,19,16,44,44,58,66,13,54,17,55,24,17,15,23,60
"1283","P","315111",3,500,56,1008425,95,24,1,NA,1,2,2,2,2,2,NA,2,2,NA,NA,NA,NA,NA,1,2,2,2,2,2,2,0,10,1,1,2,3,1,2,1,2,2011,3,3,NA,NA,NA,NA,NA,NA,NA,NA,NA,3,5,3,3,3,600,0,13,0,1,NA,16,0,1,0,0,28000,40,1,1,1,NA,1,32,999,NA,2,1,NA,1,1,NA,NA,1,1,6170,72,31,NA,400,56,4,"484",1,NA,0,6320,NA,28000,28600,31,235,500,56,1,2,1,1,1,1,0,0,0,0,1,0,0,1,0,NA,NA,NA,NA,"47207X",NA,1,0,0,0,0,0,0,0,0,0,0,0,0,0,0,0,0,0,0,0,0,0,1,1,NA,1,NA,1,NA,1,1,1,0,0,0,0,0,0,0,0,0,0,0,0,0,0,0,0,0,0,0,0,0,0,0,0,0,0,1,1,0,0,0,0,0,0,0,0,0,0,0,0,0,0,0,0,75,91,120,21,139,168,94,83,26,21,184,93,85,106,204,176,78,91,35,44,91,97,148,26,137,107,79,129,31,29,91,78,113,139,212,92,79,92,28,34,106,176,109,19,126,173,68,97,27,23,157,95,81,115,151,107,105,94,28,38,84,95,136,34,149,125,92,109,32,18,141,133,95,143,151,87,124,94,35,55
"5170","P","1333477",2,200,56,1008425,124,47,1,NA,1,2,2,2,2,2,NA,NA,2,NA,2,2,NA,NA,1,2,2,2,2,2,2,0,5,1,1,2,1,2,2,3,2,2011,1,4,NA,NA,NA,NA,NA,NA,NA,NA,NA,3,5,3,3,3,0,0,1,0,1,NA,17,0,2,0,0,30000,40,1,1,1,NA,4,999,999,NA,2,1,NA,1,0,NA,NA,1,1,5090,89,49,NA,NA,NA,1,"447",1,NA,0,4720,4,30000,30000,6,501,200,56,1,2,2,1,1,1,0,0,0,0,1,0,0,1,0,NA,NA,NA,NA,"412010",NA,1,0,0,0,0,0,0,0,0,0,0,0,0,0,0,0,0,0,0,0,0,0,0,0,NA,0,NA,0,NA,0,0,0,0,0,0,1,0,0,0,0,0,0,0,0,0,0,0,0,0,0,0,0,0,0,0,0,0,0,0,0,0,0,0,0,0,0,0,0,0,0,0,0,0,0,0,0,128,130,137,49,135,34,115,108,33,132,262,52,46,171,109,134,189,123,208,33,192,122,113,242,110,261,127,86,234,111,45,194,165,41,167,90,32,115,42,237,111,155,126,30,136,68,169,127,46,152,146,31,38,193,144,114,156,146,209,33,120,113,109,281,178,174,108,155,168,96,59,231,208,36,90,104,41,127,35,182
"378","P","98874",2,500,56,1008425,120,42,1,NA,1,2,2,2,2,2,NA,NA,2,NA,2,2,NA,NA,1,2,2,2,2,2,2,0,7,1,1,2,1,2,2,3,2,2004,1,4,NA,NA,NA,NA,NA,NA,NA,NA,NA,3,5,3,3,3,300,0,1,0,1,NA,20,0,2,0,0,16800,35,1,4,1,NA,1,50,999,NA,2,1,NA,1,0,NA,NA,1,1,5070,80,40,NA,NA,NA,1,"44611",1,NA,0,4720,4,16800,17100,56,109,500,56,1,2,3,1,1,1,0,0,0,0,1,0,0,1,0,NA,NA,NA,NA,"412010",NA,1,0,0,0,0,0,0,0,0,0,0,0,0,0,0,0,0,0,0,0,0,0,0,0,NA,0,NA,0,NA,0,0,0,0,0,0,0,0,0,0,0,0,0,0,0,0,0,0,0,0,0,0,0,0,0,0,0,0,0,0,0,0,0,0,0,0,0,0,0,0,0,0,0,0,0,0,0,155,199,50,150,162,224,47,90,149,32,157,108,38,109,114,98,31,179,175,38,129,135,112,38,211,108,163,205,174,146,46,38,115,152,31,179,107,88,128,93,163,162,50,111,172,241,41,97,130,36,114,119,51,123,125,85,34,205,194,34,117,88,119,40,269,196,107,205,207,131,39,35,114,148,23,198,95,123,146,92
"4345","P","1103354",2,400,56,1008425,15,57,1,NA,1,2,2,2,2,2,NA,2,2,NA,NA,2,NA,NA,2,2,2,2,2,2,2,0,8,1,1,2,1,2,2,2,2,1979,1,2,0,0,1,0,0,0,0,0,0,3,5,3,3,3,0,0,1,13300,1,NA,13,0,1,0,0,33500,50,1,3,1,NA,1,82,999,NA,2,1,NA,1,0,NA,NA,2,1,490,95,55,NA,NA,NA,1,"213",1,NA,0,6840,NA,33500,46800,48,453,400,56,2,2,1,1,1,1,0,0,0,0,1,0,0,1,0,NA,NA,NA,NA,"475040",12,1,0,0,0,0,0,0,0,0,0,0,0,0,0,0,0,0,0,0,0,0,0,0,0,NA,0,NA,0,NA,0,0,0,0,0,0,0,0,0,0,0,0,0,0,0,0,0,0,0,0,0,0,0,0,0,0,0,0,0,0,0,0,0,0,0,0,0,0,0,0,0,0,0,0,0,0,0,16,21,20,12,13,14,24,5,24,14,4,4,5,12,25,5,12,14,15,13,15,5,3,14,16,13,4,22,4,16,31,25,21,14,3,22,14,12,15,10,10,19,19,17,19,13,21,4,25,10,4,5,4,16,26,3,12,14,14,13,17,3,5,13,17,14,5,27,4,14,28,19,23,15,4,23,17,15,18,17
"857","P","207882",1,400,56,1008425,96,34,4,1998,1,2,2,2,2,2,NA,NA,2,NA,NA,2,NA,NA,1,2,2,2,2,2,2,0,20,1,1,2,3,2,2,2,2,2003,1,4,NA,NA,NA,NA,NA,NA,NA,NA,NA,3,5,3,3,3,0,0,0,0,1,NA,20,0,1,0,0,45000,40,1,1,1,1981,1,703,999,5,2,1,NA,1,0,NA,NA,1,1,8870,92,49,NA,NA,NA,4,"8113",2,NA,0,7340,NA,45000,45000,242,236,400,56,1,2,2,6,42,10,0,1,0,0,1,0,0,0,0,NA,NA,NA,NA,"499071",NA,4,0,0,0,0,0,0,0,0,0,0,0,0,0,0,0,0,0,0,0,0,0,0,0,NA,0,NA,0,NA,0,0,0,0,0,0,0,0,0,0,0,0,0,0,0,0,0,0,0,0,0,0,0,0,0,0,0,0,0,0,0,0,0,0,0,0,0,0,0,0,0,0,0,0,0,0,0,176,33,77,22,259,84,19,25,104,130,120,95,80,128,124,35,197,52,124,159,89,21,144,53,111,160,113,32,126,62,79,81,83,157,78,34,160,170,156,30,117,258,65,178,63,92,95,123,161,99,81,107,99,31,180,155,30,56,16,31,93,99,131,156,24,151,260,150,79,91,132,77,87,28,58,175,47,135,39,176
"3313","P","843324",2,200,56,1008425,69,47,1,NA,6,2,2,2,2,2,NA,NA,2,NA,2,2,NA,NA,1,2,2,2,2,2,2,0,NA,NA,NA,2,1,2,2,1,2,2011,1,4,NA,NA,NA,NA,NA,NA,NA,NA,NA,2,1,2,1,2,0,0,1,0,1,NA,16,1200,2,0,0,0,40,1,5,2,NA,2,195,939,NA,2,NA,NA,3,0,NA,NA,1,1,180,NA,NA,NA,NA,NA,1,"112",1,NA,0,205,4,1200,1200,39,262,NA,NA,1,2,2,1,1,1,0,0,0,0,1,0,0,1,0,NA,NA,NA,NA,"119013",NA,1,0,0,0,0,0,0,0,0,0,0,0,0,0,0,0,0,0,0,0,0,0,0,0,NA,0,NA,0,NA,0,0,0,0,0,0,0,0,0,0,0,0,0,0,0,0,0,0,0,0,0,0,0,0,0,1,1,1,0,0,0,0,0,0,0,0,1,1,0,0,0,0,1,0,1,0,0,85,81,26,66,122,20,17,115,86,60,149,59,110,87,64,70,24,48,18,109,54,64,25,81,130,20,18,122,74,67,153,70,105,52,76,73,15,84,25,108,81,79,18,66,128,24,27,92,87,73,118,74,121,73,96,91,23,74,20,93,70,67,30,60,96,27,22,96,55,59,107,64,111,61,43,56,23,68,24,126
"5688","P","1467747",2,300,56,1008425,35,74,1,NA,7,2,2,2,2,2,NA,2,2,NA,NA,2,NA,NA,2,2,1,2,2,2,2,17000,NA,NA,NA,2,1,2,2,3,2,1997,1,3,NA,NA,NA,NA,NA,NA,NA,NA,NA,2,5,2,2,3,35400,0,1,0,1,NA,16,0,1,0,7600,0,NA,2,NA,2,NA,1,50,999,NA,2,NA,NA,6,0,NA,NA,1,1,770,NA,NA,NA,NA,NA,1,"23",1,NA,0,430,NA,0,60000,56,501,NA,NA,2,1,4,1,1,1,0,0,0,0,1,0,0,1,0,NA,NA,NA,NA,"119XXX",NA,1,0,0,0,0,1,0,0,0,0,0,0,0,0,0,0,0,0,0,0,0,0,0,0,0,0,NA,0,NA,0,0,0,0,1,0,0,0,0,0,0,0,0,0,0,0,1,0,0,0,0,0,1,0,0,0,0,0,0,0,0,0,0,0,0,0,0,0,0,0,0,0,0,0,0,0,0,11,28,10,37,9,34,32,39,30,12,8,35,37,12,45,27,9,11,11,31,37,70,28,63,47,55,72,62,63,25,38,55,40,37,66,70,36,35,45,8,9,37,12,32,11,36,41,47,35,10,10,32,37,14,37,34,9,9,8,42,40,63,35,66,36,77,54,49,69,32,30,53,52,34,68,49,33,46,31,11
"2130","P","535838",1,400,56,1008425,81,46,1,NA,1,2,2,2,2,2,NA,2,2,NA,NA,2,NA,NA,2,1,2,2,2,2,2,11000,NA,NA,11,2,1,2,2,1,2,1993,3,2,0,1,0,0,0,0,0,0,0,3,5,3,3,3,0,0,0,0,1,NA,19,0,1,0,0,67000,60,1,1,1,NA,4,999,999,NA,2,NA,NA,1,1,NA,NA,1,1,180,NA,NA,NA,400,56,1,"112",1,NA,0,6050,NA,67000,78000,56,501,400,56,1,2,3,1,1,1,0,0,0,0,1,0,0,1,0,NA,NA,NA,NA,"4520XX",4,1,0,0,0,0,0,0,0,0,0,0,0,0,1,0,0,0,0,0,0,0,0,1,1,NA,1,NA,1,NA,1,1,1,0,0,1,0,0,0,0,0,1,1,1,1,1,1,0,0,0,1,1,0,1,1,1,1,1,0,1,1,0,0,1,0,1,1,0,0,1,1,1,1,0,1,0,0,68,59,68,82,142,78,62,27,33,145,166,27,71,144,24,26,75,75,139,79,100,88,70,75,29,90,94,144,132,26,22,134,91,26,113,148,120,84,25,77,85,87,97,69,164,79,75,23,26,118,127,26,78,111,27,29,70,64,185,97,99,89,70,81,25,100,94,133,134,22,22,137,102,28,131,127,86,98,22,70
"3003","P","769653",2,300,56,1008425,182,28,1,NA,1,2,2,2,2,2,NA,NA,2,NA,2,NA,NA,NA,1,2,2,2,2,2,2,0,NA,NA,NA,2,5,NA,NA,NA,NA,NA,1,4,NA,NA,NA,NA,NA,NA,NA,NA,NA,3,5,3,3,3,0,0,12,0,1,NA,19,0,2,0,0,0,NA,2,NA,NA,NA,4,999,999,NA,2,NA,NA,3,1,NA,NA,1,1,490,NA,NA,NA,NA,NA,6,"213",1,NA,0,9130,4,0,0,33,0,NA,NA,1,2,3,1,1,1,0,0,0,0,1,0,0,1,0,NA,NA,NA,NA,"533030",NA,1,0,0,1,0,1,1,1,1,1,1,1,0,0,1,0,1,1,0,0,0,0,1,1,NA,1,NA,1,NA,1,1,1,0,1,1,0,0,0,0,0,1,0,0,0,0,0,1,1,0,0,1,1,1,1,1,1,1,0,1,1,0,0,1,0,1,1,1,0,1,1,1,0,1,0,0,0,182,277,70,223,269,53,65,271,159,131,199,183,206,235,245,125,28,250,104,95,276,270,336,209,52,402,279,39,204,130,56,185,39,268,260,127,259,154,243,32,178,181,364,121,71,257,326,96,269,197,47,183,73,251,214,137,222,159,273,273,262,152,108,172,243,56,64,314,142,188,189,163,288,286,232,167,79,86,49,206
"2644","P","687648",2,400,56,1008425,66,52,1,NA,NA,2,2,2,2,2,NA,NA,2,NA,NA,1,5,1,1,2,2,2,2,2,2,1800,NA,NA,NA,2,1,2,2,3,2,2000,1,4,NA,NA,NA,NA,NA,NA,NA,NA,NA,2,5,2,2,3,0,0,1,7200,1,NA,13,0,2,0,0,0,NA,3,NA,2,NA,1,939,999,NA,2,NA,NA,6,0,NA,NA,1,1,NA,NA,NA,NA,NA,NA,1,"",1,NA,0,NA,4,0,9000,6,453,NA,NA,1,2,4,1,1,1,0,0,0,0,1,0,0,1,0,NA,NA,NA,NA,"",NA,1,0,0,0,0,0,0,0,0,0,0,0,0,0,0,0,0,0,0,0,0,0,0,0,NA,0,NA,0,NA,0,0,0,0,0,0,0,0,0,0,0,0,0,0,0,0,0,0,0,0,0,0,0,0,0,0,0,0,0,0,0,0,0,0,0,0,0,0,0,0,0,0,0,0,0,0,0,63,20,80,137,54,21,27,54,73,22,121,63,108,101,65,95,20,90,63,51,65,109,61,24,55,102,104,53,73,117,23,68,21,25,77,23,107,71,63,78,65,131,78,14,65,122,139,77,59,95,24,71,20,20,70,18,96,54,51,88,72,21,63,84,94,20,16,63,52,19,111,64,116,134,87,103,23,61,69,58
"115","P","30428",1,200,56,1008425,57,81,1,NA,6,2,1,2,2,1,NA,NA,2,NA,NA,2,NA,NA,2,1,1,2,2,2,2,36000,3,1,1,2,1,2,2,1,2,1960,1,4,NA,NA,NA,NA,NA,NA,NA,NA,NA,3,5,3,3,3,0,0,0,0,1,NA,19,1,1,0,17600,0,50,1,1,1,NA,2,97,26,NA,1,1,NA,1,0,NA,NA,1,1,180,94,55,NA,NA,NA,2,"112",1,NA,0,205,NA,1,53601,56,478,200,56,1,1,1,1,1,1,0,0,0,0,1,0,0,1,0,NA,NA,NA,NA,"119013",NA,1,0,0,0,0,0,0,0,0,0,0,0,0,0,0,0,0,0,0,0,0,0,0,0,0,0,NA,0,NA,0,0,0,0,0,0,0,1,0,0,0,0,0,0,0,0,0,0,0,0,0,0,0,0,0,1,1,0,0,0,0,0,0,0,0,0,0,1,0,0,0,0,0,0,0,0,0,90,58,51,106,78,81,63,53,45,25,51,16,59,44,24,72,92,17,16,18,22,69,58,17,70,19,61,46,45,127,56,79,53,48,111,56,18,75,85,17,20,59,64,16,71,16,48,56,46,109,62,82,54,54,96,52,18,86,96,105,99,69,58,83,61,104,46,58,64,16,56,22,61,40,17,75,110,18,15,94
"847","P","206618",3,500,56,1008425,34,6,1,NA,NA,2,2,2,NA,2,NA,NA,2,NA,NA,NA,NA,NA,2,2,2,1,2,2,2,NA,NA,NA,NA,2,5,NA,NA,NA,NA,NA,1,NA,NA,NA,NA,NA,NA,NA,NA,NA,NA,NA,NA,NA,NA,NA,NA,NA,2,NA,3,3,3,NA,2,NA,NA,NA,NA,NA,NA,NA,NA,2,87,917,NA,2,NA,1,NA,0,NA,NA,1,1,NA,NA,NA,NA,NA,NA,NA,"",1,1,1,NA,NA,NA,NA,56,76,NA,NA,2,1,4,1,1,1,0,0,0,0,1,0,0,1,1,NA,NA,NA,NA,"",NA,1,0,0,0,0,0,0,0,0,0,0,0,0,0,0,0,0,0,0,0,0,0,0,0,NA,0,0,0,NA,0,0,0,0,0,0,0,0,0,0,0,0,0,0,0,0,0,0,0,0,0,0,0,0,0,0,0,0,0,0,0,0,0,0,0,0,0,0,0,0,0,0,0,0,0,0,0,31,47,47,39,44,12,31,31,41,10,34,57,31,10,8,31,27,11,60,35,40,65,59,26,68,12,44,54,39,10,35,36,31,9,12,37,37,10,50,31,36,8,12,33,10,53,44,38,36,50,34,9,34,60,56,29,43,55,11,48,34,9,9,38,9,59,32,30,42,49,44,10,31,50,49,32,28,62,11,33
"3540","P","896617",1,400,56,1008425,12,70,1,NA,NA,2,1,2,1,1,NA,NA,2,NA,NA,2,NA,NA,2,1,1,2,2,2,2,0,NA,NA,NA,2,2,2,2,1,2,1976,1,4,NA,NA,NA,NA,NA,NA,NA,NA,NA,2,5,2,2,3,0,0,0,2400,1,NA,16,0,2,0,19200,0,NA,3,NA,2,NA,2,24,3,NA,1,NA,NA,6,1,NA,NA,1,1,NA,NA,NA,NA,NA,NA,3,"",1,NA,0,NA,4,0,21600,26,190,NA,NA,1,1,1,1,1,1,0,0,0,0,1,0,0,1,0,NA,NA,NA,NA,"",NA,1,1,0,0,0,0,0,0,0,0,0,0,0,0,0,0,1,0,0,0,0,0,0,0,0,1,NA,0,NA,0,0,0,0,0,0,0,0,0,0,0,0,0,0,0,0,1,0,0,0,0,0,0,0,0,0,0,0,0,0,1,0,0,0,0,0,0,0,0,0,0,0,0,0,0,0,0,11,16,14,3,11,25,11,3,4,14,10,5,22,14,27,19,11,18,1,10,13,14,15,5,9,16,13,4,3,15,10,3,19,9,20,22,12,22,4,10,12,12,11,3,13,20,9,3,5,11,11,4,20,11,18,16,13,23,5,10,17,10,11,3,13,17,10,3,3,12,12,3,22,10,22,24,14,27,3,11
"2329","P","599703",2,500,56,1008425,112,31,1,NA,1,2,2,2,2,2,NA,NA,2,3,NA,2,NA,NA,1,2,2,2,2,2,2,0,5,1,1,1,5,NA,NA,NA,NA,NA,3,4,NA,NA,NA,NA,NA,NA,NA,NA,NA,3,5,3,3,3,0,0,12,0,1,NA,24,0,1,0,0,65000,52,1,1,1,NA,2,50,32,NA,2,1,NA,1,0,4101,6110,1,1,8090,89,49,620,500,56,6,"6214",1,NA,0,3160,NA,65000,65000,50,501,500,56,1,2,2,1,1,1,0,0,0,0,1,0,0,1,0,2,1,NA,NA,"291123",NA,1,0,0,0,0,0,0,0,0,0,0,0,0,0,0,0,0,0,0,0,0,0,0,0,NA,0,NA,0,NA,0,0,0,0,0,0,0,0,0,0,0,0,0,0,0,0,0,0,0,0,0,0,0,0,0,0,0,1,0,0,0,0,0,0,0,0,0,0,0,0,0,0,0,0,0,0,0,38,133,109,171,153,109,196,174,229,115,44,114,202,128,84,121,105,38,33,140,186,136,100,120,118,172,23,46,34,79,202,141,37,96,85,37,110,241,188,149,198,65,108,146,148,87,34,38,32,113,161,90,80,128,87,37,118,173,162,39,44,156,95,124,138,163,232,181,201,104,31,111,176,126,98,148,98,49,32,32
"3040","P","776606",2,200,56,1008425,14,68,1,NA,6,2,2,2,2,2,NA,NA,2,NA,NA,2,NA,NA,1,2,1,2,2,2,2,0,NA,NA,11,2,1,2,2,2,2,1998,1,4,NA,NA,NA,NA,NA,NA,NA,NA,NA,3,5,3,3,3,0,0,1,0,1,NA,22,20000,1,0,14400,0,40,1,1,1,NA,1,50,999,NA,2,NA,NA,1,0,1105,NA,1,1,180,NA,NA,NA,NA,NA,1,"112",1,NA,0,205,NA,20000,34400,56,401,200,56,1,1,3,1,1,1,0,0,0,0,1,0,0,1,0,1,2,NA,NA,"119013",NA,1,0,0,0,0,0,0,0,0,0,0,0,0,0,0,0,0,0,0,0,0,0,0,0,0,0,NA,0,NA,0,0,0,0,0,0,0,0,0,0,0,0,0,0,0,0,0,0,0,0,0,0,0,0,0,0,0,0,0,0,0,0,0,0,0,0,0,0,0,0,0,0,0,0,0,0,0,20,4,13,21,28,25,10,14,13,11,14,5,4,3,16,26,14,4,18,19,14,4,14,26,28,23,12,14,24,23,15,3,4,4,14,24,15,4,12,5,17,28,21,7,3,4,16,15,14,10,14,21,25,26,10,5,17,20,18,6,13,25,13,3,4,3,15,16,17,13,21,26,23,22,15,3,11,34,16,38
"5458","P","1399986",1,200,56,1008425,57,27,1,NA,1,2,2,2,2,2,NA,NA,2,NA,NA,NA,NA,NA,2,2,2,2,2,2,2,0,10,1,1,2,5,NA,NA,NA,NA,NA,1,4,NA,NA,NA,NA,NA,NA,NA,NA,NA,3,5,3,3,3,0,0,0,0,1,NA,21,0,1,0,0,55000,40,1,1,1,NA,2,142,32,NA,2,1,NA,1,0,6203,NA,2,1,7690,84,43,NA,NA,NA,6,"5617Z",1,NA,0,6440,NA,55000,55000,56,450,200,56,2,2,2,1,1,1,0,0,0,0,1,0,0,1,0,2,2,NA,NA,"472150",NA,1,0,0,0,0,0,0,0,0,0,0,0,0,0,0,0,0,0,0,0,0,0,0,0,NA,0,NA,0,NA,0,0,0,0,0,0,0,0,0,0,0,0,0,0,0,0,0,0,0,0,0,0,0,0,0,0,0,0,0,0,0,0,0,0,0,0,0,0,0,0,0,0,0,1,0,0,0,75,52,21,15,12,53,80,67,76,46,94,72,74,43,16,51,67,73,58,19,113,51,14,13,13,79,50,91,56,47,109,104,204,81,13,51,104,49,73,11,139,63,17,16,13,44,35,54,56,48,112,147,103,65,18,79,134,46,42,22,76,65,19,23,21,55,54,49,60,59,65,91,103,67,22,69,106,55,43,21
"3700","P","932951",2,100,56,1008425,87,46,1,NA,1,2,2,2,2,2,NA,2,2,NA,NA,2,NA,NA,1,2,2,2,2,2,2,0,65,NA,2,2,1,2,2,2,2,2009,3,2,0,1,0,0,0,0,0,0,0,3,5,3,3,3,0,0,1,0,1,NA,16,0,1,0,0,52000,40,1,1,1,NA,1,924,999,NA,2,NA,NA,1,0,NA,NA,1,1,770,75,23,NA,100,56,1,"23",1,NA,0,9130,NA,52000,52000,8,188,100,56,1,2,2,1,1,1,0,0,0,0,1,0,0,1,0,NA,NA,NA,NA,"533030",4,1,0,0,0,0,0,0,0,0,0,0,0,0,0,0,0,0,0,0,0,0,0,0,0,NA,0,NA,0,NA,0,0,0,0,0,0,0,0,0,0,0,0,0,0,0,0,0,0,0,0,0,0,0,0,0,0,0,0,0,0,0,0,0,0,0,0,0,0,0,0,0,0,0,0,0,0,0,107,29,25,78,101,113,59,95,102,69,190,96,130,32,21,170,201,37,56,83,142,27,26,62,77,151,101,78,71,66,158,95,74,34,27,173,175,26,116,77,114,44,25,80,82,105,80,93,129,67,163,88,103,54,27,114,142,28,65,86,98,56,40,69,116,227,93,64,67,74,127,72,77,33,29,119,162,31,69,74
"1405","P","344836",2,400,56,1008425,122,27,1,NA,4,2,2,2,2,2,NA,NA,2,NA,2,NA,NA,NA,1,2,2,2,2,2,2,0,20,1,1,2,1,2,2,1,2,2010,3,4,NA,NA,NA,NA,NA,NA,NA,NA,NA,3,5,3,3,3,0,0,1,0,1,NA,21,0,2,0,0,42000,40,1,1,1,NA,1,142,999,NA,2,1,NA,1,0,2304,NA,1,1,7860,86,43,NA,400,56,1,"6111",1,NA,0,2310,1,42000,42000,56,464,400,56,1,2,1,1,1,1,0,0,0,0,1,0,0,1,0,2,2,NA,NA,"252020",NA,1,0,0,0,0,0,0,0,0,0,0,0,0,0,0,0,0,0,0,0,0,0,0,0,NA,0,NA,0,NA,0,0,0,0,0,0,0,0,0,0,0,0,0,0,0,0,0,0,0,0,0,0,0,0,0,0,0,0,0,0,0,0,0,0,0,0,0,0,0,0,0,0,0,0,0,0,0,172,215,123,100,124,35,38,113,36,173,32,207,139,173,226,132,135,90,121,133,180,127,42,167,197,156,110,35,128,129,141,134,44,146,124,184,251,52,32,148,37,144,214,32,41,126,100,186,121,114,108,125,202,100,113,36,31,200,237,160,89,39,140,149,131,228,191,121,248,41,180,34,154,38,52,147,134,172,109,35
"5523","P","1420123",1,400,56,1008425,68,52,1,NA,1,2,2,2,2,1,NA,NA,2,NA,NA,2,NA,NA,2,2,2,2,2,2,2,0,2,1,1,2,3,2,2,2,2,1994,1,4,NA,NA,NA,NA,NA,NA,NA,NA,NA,3,5,3,3,3,0,0,0,0,1,NA,16,0,2,0,0,18100,42,1,1,1,NA,2,32,50,NA,1,1,NA,1,0,NA,NA,2,1,8370,161,100,NA,NA,NA,4,"6241",1,NA,0,4610,4,18100,18100,56,149,400,56,2,2,4,1,1,1,0,0,0,0,1,0,0,1,0,NA,NA,NA,NA,"399021",NA,1,0,0,0,0,0,0,0,0,0,0,0,0,0,0,0,0,0,0,0,0,0,0,0,NA,0,NA,0,NA,0,0,0,0,0,0,0,0,0,0,0,0,0,0,0,0,0,0,0,0,0,0,0,0,0,1,1,0,0,0,0,0,0,0,0,0,0,0,0,0,0,1,0,0,0,0,0,24,113,134,20,54,113,20,26,115,73,99,74,55,77,83,94,59,66,22,47,97,28,30,142,65,29,134,71,60,91,23,77,76,55,55,31,80,68,101,62,139,26,18,111,88,19,103,181,79,52,22,96,55,73,88,16,55,64,111,79,20,107,96,20,72,96,20,29,84,55,87,64,85,60,57,165,88,68,21,74
"1384","P","342302",1,100,56,1008425,150,30,1,NA,4,2,2,2,2,2,NA,NA,2,NA,1,2,NA,NA,2,2,2,2,2,2,2,120,NA,NA,11,2,1,2,2,1,2,2007,1,4,NA,NA,NA,NA,NA,NA,NA,NA,NA,3,5,3,3,3,0,0,0,0,1,NA,21,0,2,0,0,50000,20,1,1,NA,NA,4,999,999,NA,2,NA,NA,1,0,4101,NA,2,1,7870,NA,NA,NA,NA,NA,1,"611M1",1,NA,0,2200,1,50000,50120,53,501,100,56,2,2,1,1,1,1,0,0,0,0,1,0,0,1,0,2,2,NA,NA,"251000",NA,1,0,0,0,0,1,0,0,0,0,0,0,0,0,0,0,1,0,0,0,0,0,0,0,NA,0,NA,0,NA,0,0,0,0,1,1,0,0,0,1,0,0,0,0,0,0,0,0,0,0,0,1,1,1,1,1,1,0,0,0,0,0,0,1,0,0,0,1,0,1,1,1,1,1,1,0,0,128,343,353,244,160,139,157,167,169,48,45,60,119,217,140,46,125,138,59,41,130,47,45,49,133,132,117,139,179,237,243,306,164,55,153,216,156,165,230,55,145,56,51,40,137,134,144,164,136,223,331,214,113,46,142,249,126,104,270,233,197,164,214,246,144,239,141,144,184,70,46,54,157,227,148,48,140,159,76,219
"4466","P","1148260",1,100,56,1008425,115,25,1,NA,1,2,2,2,2,2,NA,NA,2,NA,NA,NA,NA,NA,1,2,2,2,2,2,2,0,35,4,1,2,5,NA,NA,NA,NA,NA,3,4,NA,NA,NA,NA,NA,NA,NA,NA,NA,3,5,3,3,3,0,0,0,0,1,NA,20,0,1,0,0,87000,50,1,1,1,NA,1,32,999,NA,2,4,NA,1,0,NA,NA,1,1,380,71,25,NA,100,56,6,"2121",1,NA,0,7220,NA,87000,87000,56,501,690,30,1,2,3,1,1,1,0,0,0,0,1,0,0,1,0,NA,NA,NA,NA,"493040",NA,1,0,0,0,0,0,0,0,0,0,0,0,0,0,0,0,0,0,0,0,0,0,0,0,NA,0,NA,0,NA,0,0,0,0,0,0,0,0,0,0,0,0,0,0,0,0,0,0,0,0,0,0,0,0,0,0,0,0,0,0,0,0,0,0,0,0,0,0,0,0,0,0,0,0,0,0,0,95,149,79,30,100,122,39,103,160,208,237,141,103,101,97,137,45,48,75,183,105,179,126,44,103,85,46,141,176,195,212,117,115,109,102,104,33,36,45,46,97,52,106,163,140,106,146,118,46,33,32,109,132,150,121,100,145,212,196,51,88,38,135,176,81,88,234,107,33,63,58,116,112,79,95,144,217,164,151,134
"1799","P","443374",3,300,56,1008425,163,12,1,NA,NA,2,2,2,NA,2,NA,NA,2,NA,NA,NA,NA,NA,1,2,2,2,2,2,2,NA,NA,NA,NA,2,5,NA,NA,NA,NA,NA,1,NA,NA,NA,NA,NA,NA,NA,NA,NA,NA,NA,NA,NA,NA,NA,NA,NA,2,NA,2,8,9,NA,1,NA,NA,NA,NA,NA,NA,NA,NA,1,32,999,NA,2,NA,1,NA,0,NA,NA,1,1,NA,NA,NA,NA,NA,NA,NA,"",1,1,1,NA,NA,NA,NA,56,501,NA,NA,1,2,4,1,1,1,0,0,0,0,1,0,0,1,1,NA,NA,NA,NA,"",NA,1,0,0,0,0,0,0,0,0,0,0,0,0,0,0,0,0,0,0,0,0,0,0,0,NA,0,NA,0,NA,0,0,0,0,0,0,0,0,0,0,0,0,0,0,0,0,0,0,0,0,0,0,0,0,0,0,0,0,0,0,0,1,0,0,0,0,0,0,0,0,0,0,0,0,0,0,0,124,190,156,148,150,40,55,52,186,239,185,41,141,202,58,161,256,244,221,272,126,153,182,170,165,52,49,46,170,324,155,74,227,158,52,176,240,267,264,242,173,179,209,209,193,57,44,43,165,234,164,57,181,175,44,143,276,302,263,271,148,148,150,161,139,50,51,51,142,262,208,38,153,166,49,188,369,229,228,239
"4237","P","1076951",1,500,56,1008425,140,44,1,NA,4,2,2,2,2,2,NA,NA,2,NA,2,2,NA,NA,1,2,2,2,2,2,2,0,5,1,1,2,1,2,2,1,2,1992,1,4,NA,NA,NA,NA,NA,NA,NA,NA,NA,3,5,3,3,3,0,0,0,0,1,NA,16,0,2,0,0,42000,40,1,1,1,NA,1,939,999,NA,2,1,NA,1,0,NA,NA,1,1,9470,92,52,NA,NA,NA,1,"92MP",1,NA,0,5860,4,42000,42000,13,501,500,56,1,2,4,1,1,1,0,0,0,0,1,0,0,1,0,NA,NA,NA,NA,"439061",NA,1,0,0,0,0,0,0,0,0,0,0,0,0,0,0,0,0,0,0,0,0,0,0,0,NA,0,NA,0,NA,0,0,0,0,0,0,0,0,0,0,0,0,0,0,0,0,0,0,0,0,0,0,0,0,0,0,0,0,0,0,0,0,0,0,0,0,0,0,0,0,0,0,0,0,0,0,0,143,170,50,141,41,132,136,129,282,117,253,143,160,235,133,44,194,242,41,43,128,147,51,171,34,125,185,124,263,136,197,136,130,182,193,48,167,250,47,28,106,157,37,149,43,131,124,139,326,118,318,159,132,198,116,41,209,285,43,37,141,137,50,205,55,144,126,133,266,187,202,139,131,250,157,37,207,257,40,43
"3193","P","818219",4,300,56,1008425,116,17,1,NA,1,2,2,2,2,2,NA,NA,2,NA,NA,NA,NA,NA,1,2,2,2,2,2,2,0,NA,NA,NA,2,5,NA,NA,NA,NA,NA,1,4,NA,NA,NA,NA,NA,NA,NA,NA,NA,2,5,2,2,3,0,0,2,0,2,13,14,0,1,0,0,300,1,1,6,2,NA,1,211,999,NA,2,NA,1,6,0,NA,NA,1,2,9290,NA,NA,NA,NA,NA,6,"814",1,1,1,4250,NA,300,300,56,404,NA,NA,1,2,3,1,1,1,0,0,0,0,1,0,0,1,1,NA,NA,NA,NA,"373010",NA,1,0,0,0,0,0,0,0,0,0,0,0,0,0,0,0,0,0,0,0,0,0,0,0,NA,0,NA,0,NA,0,0,0,0,0,0,0,0,0,0,0,0,0,0,0,0,0,0,0,0,0,0,0,0,0,0,0,0,0,0,0,0,0,0,0,0,0,0,0,0,0,0,0,0,0,0,0,175,214,153,110,136,26,77,165,96,202,165,40,105,31,126,122,32,110,42,121,211,243,111,168,161,39,118,258,150,172,169,33,115,41,103,125,57,111,28,156,181,181,122,91,97,34,163,237,106,281,174,35,157,31,97,125,36,125,44,128,192,174,109,130,109,38,122,194,139,146,164,24,159,43,115,87,27,107,30,73
"5020","P","1302260",2,200,56,1008425,8,56,1,NA,4,2,2,2,2,2,NA,2,2,NA,NA,2,NA,NA,1,2,2,2,2,1,2,0,5,1,1,2,1,2,2,1,2,1986,1,2,0,0,0,1,0,0,0,0,0,3,5,3,3,3,0,0,1,0,1,NA,17,0,1,0,0,25000,60,1,1,1,NA,1,939,999,NA,2,1,NA,1,0,NA,NA,1,1,290,87,47,NA,NA,NA,1,"115",1,NA,0,6050,NA,25000,25000,18,391,200,56,1,1,1,1,1,1,0,0,0,0,1,0,0,1,0,NA,NA,NA,NA,"4520XX",6,1,0,0,0,0,0,0,0,0,0,0,0,0,0,0,0,0,0,0,0,0,0,0,0,NA,0,NA,0,NA,0,0,0,0,1,0,0,0,0,0,0,0,0,0,0,0,0,0,0,0,0,0,1,0,0,0,0,0,0,0,0,0,0,0,0,0,0,0,0,0,0,0,0,0,0,0,0,2,6,9,16,9,9,10,8,12,9,9,4,2,17,17,1,8,16,3,7,1,9,7,12,11,8,8,8,13,7,8,3,1,16,13,4,11,13,2,9,13,10,10,3,8,7,10,9,3,8,8,15,16,3,4,15,8,3,13,8,12,7,7,2,7,9,12,5,2,10,9,11,14,3,2,14,9,1,13,8
"518","P","133828",1,100,56,1008425,62,83,1,NA,NA,2,1,2,2,2,NA,2,2,NA,NA,2,NA,NA,2,2,1,2,2,1,2,20,NA,NA,NA,2,2,2,2,1,2,1957,1,2,0,0,0,0,0,1,0,0,0,3,3,2,2,2,0,0,0,0,1,NA,17,0,1,0,12800,0,NA,3,NA,2,NA,4,999,999,NA,1,NA,NA,6,1,NA,NA,1,1,NA,NA,NA,NA,NA,NA,3,"",1,NA,0,NA,NA,0,12820,56,113,NA,NA,2,1,4,1,1,1,0,0,0,0,1,0,0,1,0,NA,NA,NA,NA,"",9,1,0,0,0,0,0,0,0,0,0,0,0,0,0,0,0,0,0,0,0,0,0,1,1,0,0,NA,1,NA,1,0,1,0,0,0,0,0,0,0,0,0,0,0,0,0,0,0,0,0,0,0,0,0,0,1,1,0,0,1,1,0,0,0,0,0,0,1,0,0,0,1,0,1,0,0,0,66,49,60,66,76,20,18,22,63,134,54,12,52,69,19,56,71,83,132,98,54,67,71,61,75,20,19,23,73,96,56,14,55,85,15,63,149,104,94,17,58,64,65,63,67,104,96,136,51,17,76,72,53,70,93,65,17,17,16,18,59,49,93,69,65,106,112,106,55,23,55,100,54,54,120,68,20,18,19,76
"1599","P","395332",4,100,56,1008425,31,10,1,NA,NA,2,2,2,NA,2,NA,NA,2,NA,NA,NA,NA,NA,1,2,2,2,2,2,2,NA,NA,NA,NA,2,5,NA,NA,NA,NA,NA,1,NA,NA,NA,NA,NA,NA,NA,NA,NA,NA,NA,NA,NA,NA,NA,NA,NA,2,NA,2,6,6,NA,2,NA,NA,NA,NA,NA,NA,NA,NA,1,195,999,NA,2,NA,1,NA,0,NA,NA,1,1,NA,NA,NA,NA,NA,NA,NA,"",1,1,1,NA,NA,NA,NA,49,201,NA,NA,1,2,4,1,1,1,0,0,0,0,1,0,0,1,1,NA,NA,NA,NA,"",NA,1,0,0,0,0,0,0,0,0,0,0,0,0,0,0,0,0,0,0,0,0,0,0,0,NA,0,NA,0,NA,0,0,0,0,0,0,0,0,0,0,0,0,0,0,0,0,0,0,0,0,0,0,0,0,0,0,0,0,0,0,0,0,0,0,0,0,0,0,0,0,0,0,0,0,0,0,0,11,23,7,28,32,58,36,63,26,42,35,44,10,33,26,10,42,45,14,43,37,54,27,8,51,38,57,28,8,37,13,56,26,7,10,47,36,25,24,33,12,30,9,25,25,51,32,45,26,68,45,33,9,32,31,13,61,42,10,65,29,46,29,9,46,30,54,36,6,34,10,52,31,8,7,33,29,28,46,27
"4513","P","1165221",2,500,56,1008425,67,64,1,NA,1,2,1,2,2,2,NA,NA,2,NA,NA,2,NA,NA,1,2,2,2,2,2,2,0,10,1,1,2,1,2,2,1,2,1991,1,4,NA,NA,NA,NA,NA,NA,NA,NA,NA,3,5,3,3,3,0,0,1,0,1,NA,20,0,1,0,0,40000,40,1,1,1,NA,1,82,999,NA,1,1,NA,1,0,NA,NA,1,1,4890,78,37,NA,NA,NA,1,"4442",1,NA,0,4700,NA,40000,40000,38,501,500,56,1,2,2,1,1,1,0,0,0,0,1,0,0,1,0,NA,NA,NA,NA,"411011",NA,1,0,0,0,0,0,0,0,0,0,0,0,0,0,0,0,0,0,0,0,0,0,0,0,NA,0,NA,0,NA,0,0,0,0,0,0,0,0,0,0,0,0,0,0,0,0,0,0,0,0,0,0,0,0,0,0,0,0,0,0,0,0,0,0,0,0,0,0,0,0,0,0,0,0,0,0,0,72,49,102,68,105,111,17,21,76,73,77,70,113,20,70,76,68,113,19,21,74,69,105,79,103,106,23,19,64,71,85,67,83,17,64,60,69,90,19,114,74,63,23,69,17,18,102,85,60,68,79,80,20,92,59,84,62,19,128,104,64,72,20,58,18,19,116,118,70,75,53,69,20,138,73,78,51,21,134,22
"1086","P","260585",2,200,56,1008425,231,29,1,NA,1,2,2,2,2,2,NA,NA,2,NA,2,NA,NA,NA,1,2,2,2,2,2,2,0,25,1,1,2,1,2,2,1,2,2010,1,4,NA,NA,NA,NA,NA,NA,NA,NA,NA,3,5,3,3,3,0,0,1,0,1,NA,21,0,2,0,0,75000,40,1,1,1,NA,4,999,999,NA,2,1,NA,1,0,1101,NA,1,1,380,90,46,NA,NA,NA,1,"2121",1,NA,0,5000,4,75000,75000,56,501,200,56,1,2,1,1,1,1,0,0,0,0,1,0,0,1,0,2,2,NA,NA,"431011",NA,1,0,0,0,0,0,0,0,0,0,0,0,0,0,0,0,0,0,0,0,0,0,0,0,NA,0,NA,0,NA,0,0,0,0,0,0,0,0,0,0,0,0,0,0,0,0,0,0,0,0,0,0,0,0,0,0,0,0,0,0,0,0,0,0,0,0,0,0,0,0,0,0,0,0,0,0,0,306,205,292,298,294,212,94,236,353,333,233,228,232,66,228,71,74,274,98,205,238,238,204,229,271,174,115,247,468,402,233,361,424,98,200,63,72,249,99,271,536,231,215,256,369,278,74,219,317,318,225,345,319,65,235,102,93,176,69,237,269,220,239,233,284,237,72,188,368,410,297,226,301,117,203,72,91,218,58,301
"885","P","213518",3,200,56,1008425,160,7,1,NA,NA,2,2,2,NA,2,NA,NA,2,NA,NA,NA,NA,NA,1,2,2,2,2,2,2,NA,NA,NA,NA,2,5,NA,NA,NA,NA,NA,1,NA,NA,NA,NA,NA,NA,NA,NA,NA,NA,NA,NA,NA,NA,NA,NA,NA,2,NA,2,4,4,NA,2,NA,NA,NA,NA,NA,NA,NA,NA,1,720,999,NA,2,NA,7,NA,0,NA,NA,1,1,NA,NA,NA,NA,NA,NA,NA,"",1,8,1,NA,NA,NA,NA,46,20,NA,NA,1,2,1,6,45,6,0,1,0,0,1,0,0,0,1,NA,NA,NA,NA,"",NA,1,0,0,0,0,0,0,0,0,0,0,0,0,0,0,0,0,0,0,0,0,0,0,0,NA,0,NA,0,NA,0,0,0,0,0,0,0,0,0,0,0,0,0,0,0,0,0,0,0,0,0,0,0,0,0,0,0,0,0,0,0,0,0,0,0,0,0,0,0,0,0,0,0,0,0,0,0,109,151,178,139,165,165,128,145,178,137,153,162,161,163,148,157,171,152,107,172,128,153,188,137,131,138,122,170,173,146,178,176,132,152,171,151,186,165,114,149,160,126,116,135,163,105,153,204,170,127,119,172,152,155,159,146,180,138,151,169,167,144,131,178,168,96,145,195,175,162,106,150,169,142,139,125,176,162,150,136
"3726","P","937363",3,300,56,1008425,72,9,1,NA,NA,2,2,2,NA,2,NA,NA,2,NA,NA,NA,NA,NA,1,2,2,2,2,2,2,NA,NA,NA,NA,2,5,NA,NA,NA,NA,NA,1,NA,NA,NA,NA,NA,NA,NA,NA,NA,NA,NA,NA,NA,NA,NA,NA,NA,2,NA,1,NA,6,NA,2,NA,NA,NA,NA,NA,NA,NA,NA,2,720,939,NA,2,NA,1,NA,0,NA,NA,1,1,NA,NA,NA,NA,NA,NA,NA,"",1,1,1,NA,NA,NA,NA,56,222,NA,NA,1,2,4,9,68,20,0,1,0,0,2,0,0,1,1,NA,NA,NA,NA,"",NA,1,0,0,0,0,0,0,0,0,0,0,0,0,0,0,0,0,0,0,0,0,0,0,0,NA,0,NA,0,NA,0,0,0,0,0,0,0,0,0,0,0,0,0,0,0,0,0,0,0,0,0,0,0,0,0,0,0,0,0,0,0,0,0,0,0,0,0,0,0,0,0,0,0,0,0,0,0,65,38,46,69,112,94,137,100,55,65,76,21,19,22,97,119,90,22,82,95,100,19,100,163,109,100,56,51,85,64,63,25,47,24,93,125,55,25,76,156,48,40,48,94,92,115,82,109,62,67,81,23,17,33,72,109,121,32,59,86,77,18,90,121,101,116,62,48,130,85,79,26,27,30,84,92,58,33,68,153
"1343","P","333958",3,200,56,1008425,51,5,1,NA,NA,2,2,2,NA,2,NA,NA,2,NA,NA,NA,NA,NA,1,2,2,2,2,2,2,NA,NA,NA,NA,2,5,NA,NA,NA,NA,NA,1,NA,NA,NA,NA,NA,NA,NA,NA,NA,NA,NA,NA,NA,NA,NA,NA,NA,2,NA,1,NA,1,NA,2,NA,NA,NA,NA,NA,NA,NA,NA,2,50,32,NA,2,NA,1,NA,0,NA,NA,1,1,NA,NA,NA,NA,NA,NA,NA,"",1,1,1,NA,NA,NA,NA,56,261,NA,NA,1,2,4,1,1,1,0,0,0,0,1,0,0,1,1,NA,NA,NA,NA,"",NA,1,0,0,0,0,0,0,0,0,0,0,0,0,0,0,0,0,0,0,0,0,0,0,0,NA,0,NA,0,NA,0,0,0,0,0,0,0,0,0,0,0,0,0,0,0,0,0,0,0,0,0,0,0,0,0,0,0,0,0,0,0,0,0,0,0,0,0,0,0,0,0,0,0,0,0,0,0,18,71,107,18,12,75,61,49,94,53,112,55,48,62,15,43,18,49,38,104,17,64,104,14,15,89,48,54,119,50,66,38,58,46,15,60,15,50,41,82,20,47,108,16,13,111,56,69,118,65,92,45,30,42,18,49,12,47,50,123,16,53,90,17,15,82,57,45,86,81,81,65,45,45,22,48,11,50,53,103
"685","P","170671",4,500,56,1008425,22,3,1,NA,NA,NA,2,2,NA,NA,NA,NA,NA,NA,NA,NA,NA,NA,1,2,2,2,2,2,1,NA,NA,NA,NA,NA,5,NA,NA,NA,NA,NA,1,NA,NA,NA,NA,NA,NA,NA,NA,NA,NA,NA,NA,NA,NA,NA,NA,NA,2,NA,1,NA,1,NA,2,NA,NA,NA,NA,NA,NA,NA,NA,1,920,999,NA,2,NA,2,NA,0,NA,NA,1,1,NA,NA,NA,NA,NA,NA,NA,"",1,1,1,NA,NA,NA,NA,56,159,NA,NA,1,2,3,3,27,3,1,0,0,0,1,0,0,0,1,NA,NA,NA,NA,"",NA,1,0,0,0,0,0,0,0,0,0,0,0,0,0,0,0,0,0,0,0,0,0,0,0,NA,0,NA,0,NA,0,0,0,0,0,0,0,0,0,0,0,0,0,0,0,0,0,0,0,0,0,0,0,0,0,0,0,0,0,0,0,0,0,0,0,0,0,0,0,0,0,0,0,0,0,0,0,23,7,21,8,8,40,32,19,27,20,21,8,36,20,21,28,7,47,30,33,22,5,28,8,7,27,45,21,21,23,20,8,32,26,24,20,6,26,23,9,29,36,18,36,30,9,6,35,20,27,18,39,7,23,20,28,39,6,19,5,24,49,28,31,32,8,5,28,21,17,25,30,8,22,26,20,51,6,22,40
"3550","P","897514",5,200,56,1008425,207,14,1,NA,NA,2,2,2,NA,2,NA,NA,2,NA,NA,NA,NA,NA,1,2,2,2,2,2,2,NA,NA,NA,NA,2,5,NA,NA,NA,NA,NA,1,NA,NA,NA,NA,NA,NA,NA,NA,NA,NA,NA,NA,NA,NA,NA,NA,NA,2,NA,2,10,10,NA,1,NA,NA,NA,NA,NA,NA,NA,NA,2,50,22,NA,2,NA,1,NA,0,NA,NA,1,1,NA,NA,NA,NA,NA,NA,NA,"",1,1,1,NA,NA,NA,NA,56,319,NA,NA,1,2,4,1,1,1,0,0,0,0,1,0,0,1,1,NA,NA,NA,NA,"",NA,1,0,0,0,0,0,0,0,0,0,0,0,0,0,0,0,0,0,0,0,0,0,0,0,NA,0,NA,0,NA,0,0,0,1,0,0,0,0,0,0,0,0,0,0,0,0,0,0,0,0,0,0,0,0,0,0,0,0,0,0,0,0,0,0,0,0,0,0,0,0,0,0,0,0,0,0,0,326,236,45,70,179,135,151,226,258,504,179,61,445,263,278,175,59,196,59,297,356,217,77,38,193,213,228,237,227,366,180,61,357,182,521,235,62,208,75,116,39,170,335,352,247,142,184,280,202,66,178,353,73,257,68,205,308,290,364,39,47,232,451,279,158,236,310,172,174,60,215,315,81,215,58,256,341,333,279,412
"1614","P","399096",1,400,56,1008425,25,49,1,NA,5,2,2,2,2,2,NA,NA,2,NA,2,2,NA,NA,1,2,2,2,2,2,2,0,80,1,1,2,1,2,2,1,2,2005,1,4,NA,NA,NA,NA,NA,NA,NA,NA,NA,3,5,3,3,3,0,0,0,0,1,NA,18,0,2,0,0,12000,35,1,1,1,NA,2,924,920,NA,2,1,NA,1,0,NA,NA,1,1,6370,92,37,NA,NA,NA,1,"491",1,NA,0,4760,2,12000,12000,8,437,500,56,1,2,4,1,1,1,0,0,0,0,1,0,0,1,0,NA,NA,NA,NA,"412031",NA,1,0,0,0,0,0,0,0,0,0,0,0,0,0,0,0,0,0,0,0,0,0,0,0,NA,0,NA,0,NA,0,0,0,0,0,0,0,0,0,0,0,0,0,0,0,0,0,0,0,0,0,0,0,0,0,0,0,0,0,0,0,0,0,0,0,0,0,0,0,0,0,0,0,0,0,0,0,34,29,7,9,21,32,19,45,9,36,27,48,25,7,9,29,45,28,19,8,38,7,32,28,7,24,7,23,24,19,38,22,38,24,23,32,24,9,51,27,31,35,9,5,17,31,19,22,11,50,20,34,24,6,9,27,41,29,25,5,61,6,33,24,5,25,8,21,21,23,32,28,45,25,33,45,23,7,49,22
"2039","P","509026",2,400,56,1008425,9,67,1,NA,NA,2,1,2,2,2,NA,NA,1,NA,NA,2,NA,NA,2,1,1,1,2,2,2,0,NA,NA,NA,2,5,NA,NA,NA,NA,NA,1,4,NA,NA,NA,NA,NA,NA,NA,NA,NA,2,5,2,2,2,0,0,5,0,1,NA,17,0,2,10100,8100,0,NA,3,NA,2,NA,1,924,999,NA,1,NA,NA,6,1,NA,NA,1,1,NA,NA,NA,NA,NA,NA,6,"",1,NA,0,NA,4,0,18200,40,327,NA,NA,1,1,2,1,1,1,0,0,0,0,1,0,0,1,0,NA,NA,NA,NA,"",NA,1,0,0,0,0,0,0,0,0,0,0,0,0,0,0,0,0,0,0,0,0,0,1,1,0,0,0,0,NA,1,1,1,0,0,0,0,0,0,0,0,1,0,0,0,0,0,0,0,0,0,0,0,0,0,0,0,0,0,1,1,0,0,0,0,1,0,0,0,0,0,0,0,0,0,0,0,2,13,15,8,9,13,8,2,2,4,12,14,6,7,8,14,7,13,7,14,11,8,2,9,10,2,9,18,13,16,8,9,12,5,5,4,2,2,14,17,12,7,2,6,6,3,12,18,14,20,7,5,9,8,8,4,2,1,7,2,3,7,11,6,11,12,12,3,4,2,6,7,12,8,7,16,18,14,13,4
"3293","P","838592",2,400,56,1008425,101,69,1,NA,NA,2,1,2,2,2,NA,2,2,NA,NA,2,NA,NA,2,1,1,1,2,2,2,0,NA,NA,NA,2,1,2,2,3,2,1988,1,2,0,0,0,0,1,0,0,0,0,2,5,2,2,3,15200,0,1,0,1,NA,16,0,1,17800,0,0,NA,3,NA,2,NA,1,32,999,NA,1,NA,NA,6,0,NA,NA,1,1,NA,NA,NA,NA,NA,NA,1,"",1,NA,0,NA,NA,0,33000,21,419,NA,NA,1,1,3,1,1,1,0,0,0,0,1,0,0,1,0,NA,NA,NA,NA,"",13,1,0,0,0,0,0,0,0,0,0,0,0,0,0,0,0,0,0,0,0,0,0,0,0,0,0,1,0,NA,0,0,0,0,0,0,0,0,0,0,0,0,0,0,0,0,0,0,0,0,0,0,0,0,0,0,0,0,0,0,0,0,0,0,0,0,0,0,0,0,0,0,0,0,0,0,0,28,108,68,92,227,95,147,141,140,157,107,46,172,143,41,101,79,29,88,168,200,123,125,104,30,78,26,125,90,36,112,186,38,31,213,96,76,126,81,27,23,99,155,89,150,142,174,84,79,129,133,34,140,139,28,107,119,53,139,158,140,114,123,106,25,111,39,68,90,23,108,238,44,28,127,113,89,260,100,28
"3991","P","1006503",1,100,56,1008425,68,22,1,NA,1,2,2,2,2,2,NA,NA,2,NA,NA,NA,NA,NA,2,2,2,2,2,2,2,0,15,3,1,2,1,2,2,1,2,2011,1,4,NA,NA,NA,NA,NA,NA,NA,NA,NA,3,5,3,3,3,0,0,0,0,1,NA,16,0,1,0,0,12000,50,1,4,1,NA,4,999,999,NA,2,3,NA,1,0,NA,NA,2,1,6170,76,34,NA,NA,NA,1,"484",1,NA,0,6320,NA,12000,12000,56,60,100,56,2,2,2,1,1,1,0,0,0,0,1,0,0,1,0,NA,NA,NA,NA,"47207X",NA,1,0,0,0,0,0,0,0,0,0,0,0,0,0,0,0,0,0,0,0,0,0,0,0,NA,0,NA,0,NA,0,0,0,0,0,0,0,0,0,0,0,0,0,0,0,0,0,0,0,0,0,0,0,0,0,1,1,0,0,0,0,0,0,0,0,0,0,0,0,0,0,1,0,0,0,0,0,78,91,62,24,111,82,105,112,21,12,128,56,19,98,97,56,106,32,61,56,98,60,64,235,64,48,29,22,89,98,25,90,136,26,21,64,60,89,82,68,83,101,60,88,112,75,20,21,98,124,14,60,131,21,26,69,87,150,90,77,91,52,71,33,59,75,93,92,24,16,140,62,26,136,97,77,71,14,72,74
"4224","P","1074071",2,400,56,1008425,25,33,1,NA,2,2,2,2,2,2,NA,NA,2,NA,2,2,NA,NA,1,2,2,2,2,2,2,0,12,1,1,2,1,2,1,1,2,2014,3,4,NA,NA,NA,NA,NA,NA,NA,NA,NA,3,5,3,3,3,0,0,1,0,1,NA,21,0,2,0,0,42000,40,1,1,1,NA,2,32,22,NA,2,1,NA,1,0,6199,NA,1,1,8370,96,55,NA,400,56,1,"6241",1,NA,0,2010,4,42000,42000,49,501,400,56,1,2,2,1,1,1,0,0,0,0,1,0,0,1,0,2,1,NA,NA,"211020",NA,1,0,0,0,0,0,0,0,0,0,0,0,0,0,0,0,0,0,0,0,0,0,0,0,NA,0,NA,0,NA,0,0,0,0,0,0,0,0,0,0,0,0,0,0,0,0,0,0,0,0,0,0,0,0,0,0,0,0,0,0,0,0,0,0,0,0,0,0,0,0,0,0,0,0,0,0,0,26,27,7,22,24,29,45,31,24,9,45,9,7,30,27,55,44,5,24,53,33,27,7,28,25,26,57,31,23,9,39,9,9,35,32,40,39,8,32,47,21,33,7,31,23,33,47,30,37,8,48,7,7,34,21,56,40,7,24,46,24,24,9,25,24,23,55,31,25,11,50,8,7,26,30,51,48,7,27,58
"3544","P","896722",4,100,56,1008425,113,3,1,NA,NA,NA,2,2,NA,NA,NA,NA,NA,NA,NA,NA,NA,NA,1,2,2,2,2,2,2,NA,NA,NA,NA,NA,5,NA,NA,NA,NA,NA,1,NA,NA,NA,NA,NA,NA,NA,NA,NA,NA,NA,NA,NA,NA,NA,NA,NA,2,NA,3,1,2,NA,1,NA,NA,NA,NA,NA,NA,NA,NA,1,32,999,NA,2,NA,1,NA,0,NA,NA,1,1,NA,NA,NA,NA,NA,NA,NA,"",1,1,1,NA,NA,NA,NA,56,501,NA,NA,1,2,1,1,1,1,0,0,0,0,1,0,0,1,1,NA,NA,NA,NA,"",NA,1,0,0,0,0,0,0,0,0,0,0,0,0,0,0,0,0,0,0,0,0,0,0,0,NA,0,NA,0,NA,0,0,0,0,0,0,0,0,0,0,0,0,0,0,0,0,0,0,0,0,0,0,0,0,0,0,0,0,0,0,0,0,0,0,0,0,0,0,0,0,0,0,0,0,0,0,0,148,36,47,147,116,118,213,92,43,90,42,33,201,130,159,106,92,218,119,141,148,34,34,116,91,105,235,99,31,117,38,32,186,109,182,127,98,243,98,81,161,45,35,137,138,78,169,111,37,104,33,44,184,131,239,103,90,206,111,83,196,33,40,105,109,104,152,145,37,150,30,31,188,134,244,89,82,250,121,123
"1643","P","403288",3,100,56,1008425,71,4,1,NA,NA,NA,2,2,NA,NA,NA,NA,NA,NA,NA,NA,NA,NA,1,2,2,2,2,2,2,NA,NA,NA,NA,NA,5,NA,NA,NA,NA,NA,1,NA,NA,NA,NA,NA,NA,NA,NA,NA,NA,NA,NA,NA,NA,NA,NA,NA,2,NA,3,1,1,NA,2,NA,NA,NA,NA,NA,NA,NA,NA,1,50,999,NA,2,NA,1,NA,0,NA,NA,1,1,NA,NA,NA,NA,NA,NA,NA,"",1,1,1,NA,NA,NA,NA,56,501,NA,NA,1,2,3,1,1,1,0,0,0,0,1,0,0,1,1,NA,NA,NA,NA,"",NA,1,0,0,0,0,0,0,0,0,0,0,0,0,0,0,0,0,0,0,0,0,0,0,0,NA,0,NA,0,NA,0,0,0,0,0,0,0,0,0,0,0,0,0,0,0,0,0,0,0,0,0,0,0,0,0,0,0,0,0,0,0,0,0,0,0,0,0,0,0,0,0,0,0,0,0,0,0,126,118,72,73,22,74,79,56,84,29,60,82,101,117,30,19,109,67,27,70,128,107,49,90,19,43,60,74,76,19,84,104,138,101,22,20,125,97,18,104,155,155,80,81,19,100,85,60,75,19,54,80,124,109,25,19,119,69,16,67,125,74,56,73,27,75,62,81,58,17,80,87,101,104,20,18,136,74,23,81
"5594","P","1440781",2,100,56,1008425,102,65,1,NA,NA,2,2,2,2,2,NA,NA,2,NA,NA,2,NA,NA,1,1,1,2,2,2,2,0,NA,NA,NA,2,1,2,2,2,2,1973,1,4,NA,NA,NA,NA,NA,NA,NA,NA,NA,2,5,2,2,3,0,0,1,0,1,NA,20,0,1,0,10800,0,NA,3,NA,2,NA,1,22,999,NA,2,NA,NA,6,0,NA,NA,1,1,NA,NA,NA,NA,NA,NA,1,"",1,NA,0,NA,NA,0,10800,56,451,NA,NA,1,1,3,1,1,1,0,0,0,0,1,0,0,1,0,NA,NA,NA,NA,"",NA,1,0,0,0,0,0,0,0,0,0,0,0,0,0,0,0,0,0,0,0,0,0,0,0,1,0,NA,0,NA,0,0,0,0,0,0,0,0,0,0,0,0,0,0,0,0,0,0,0,0,0,0,0,0,0,0,0,0,0,0,0,0,0,0,0,0,0,0,0,0,0,0,0,0,0,0,0,117,107,161,126,168,115,29,163,27,141,24,103,34,172,154,127,139,35,104,154,29,38,177,115,87,130,130,170,89,82,88,24,87,31,107,108,21,112,145,126,124,130,150,26,35,123,177,139,137,23,193,82,199,125,22,34,159,161,94,38,186,131,24,86,90,32,81,21,90,88,116,127,116,152,76,119,171,99,38,106
"5559","P","1426852",2,100,56,1008425,82,48,1,NA,1,2,2,2,2,2,NA,NA,2,NA,NA,2,NA,NA,1,2,2,2,2,2,2,0,20,1,1,2,1,2,2,2,2,2012,3,4,NA,NA,NA,NA,NA,NA,NA,NA,NA,3,5,3,3,3,0,0,1,0,1,NA,14,0,1,0,0,30000,40,1,3,1,NA,4,999,999,NA,2,1,NA,1,0,NA,NA,1,23,770,71,28,NA,100,56,1,"23",1,NA,0,6440,NA,30000,30000,8,492,100,56,1,2,1,1,1,1,0,0,0,0,1,0,0,1,0,NA,NA,NA,NA,"472150",NA,1,0,0,0,0,0,0,0,0,0,0,0,0,0,0,0,0,0,0,0,0,0,0,0,NA,0,NA,0,NA,0,0,0,0,0,0,0,0,0,0,0,0,0,0,0,0,0,0,0,0,0,0,0,0,0,0,0,0,0,0,0,0,0,0,0,0,0,0,0,0,0,0,0,0,0,0,0,23,103,28,122,109,103,231,26,73,152,152,53,78,83,101,130,25,107,110,15,24,123,25,85,78,83,250,46,65,112,158,105,70,68,84,112,24,83,104,119,115,141,143,125,30,75,30,185,67,28,26,80,74,57,95,196,111,57,21,121,115,122,131,99,17,91,39,217,71,20,42,67,72,92,100,121,105,59,15,22
"1902","P","473340",1,100,56,1008425,63,37,5,NA,1,2,2,2,2,2,NA,NA,2,2,NA,2,NA,NA,2,2,2,2,2,2,2,0,5,1,1,1,1,2,2,1,2,1996,1,4,NA,NA,NA,NA,NA,NA,NA,NA,NA,3,5,3,3,3,0,0,0,0,1,NA,16,0,1,0,0,32000,65,1,1,1,1995,1,210,999,6,2,1,NA,1,0,NA,NA,2,2,4670,89,49,625,NA,NA,1,"4411",2,NA,0,9610,NA,32000,32000,303,186,100,56,2,2,2,1,1,1,0,0,0,0,1,0,0,1,0,NA,NA,NA,NA,"537061",NA,3,0,0,0,0,0,0,0,0,0,0,0,0,0,0,0,0,0,0,0,0,0,0,0,NA,0,NA,0,NA,0,0,0,0,1,0,0,0,0,0,0,0,0,0,0,0,0,0,0,0,0,0,1,0,0,0,0,0,0,0,0,0,0,0,0,0,0,0,0,0,0,0,0,0,0,0,0,17,51,71,21,61,94,63,201,28,95,30,91,41,119,90,17,82,108,61,70,56,48,21,47,81,166,110,96,57,43,118,120,16,23,39,57,97,76,17,10,44,48,138,53,20,31,26,111,79,65,108,75,66,129,158,73,17,45,101,40,107,15,65,82,55,117,58,27,114,19,161,15,34,107,107,84,67,25,50,25
"409","P","108489",1,400,56,1008425,111,47,1,NA,3,2,2,2,2,2,NA,NA,2,NA,NA,2,NA,NA,1,2,2,2,2,2,2,0,1,1,1,2,4,2,2,1,2,1994,3,4,NA,NA,NA,NA,NA,NA,NA,NA,NA,3,5,3,3,3,0,0,0,0,1,NA,19,0,1,0,0,82000,50,1,1,1,NA,1,20,999,NA,2,1,NA,1,0,NA,NA,1,1,9470,82,43,NA,400,56,5,"92MP",1,NA,0,3850,NA,82000,82000,30,501,400,56,1,2,2,1,1,1,0,0,0,0,1,0,0,1,0,NA,NA,NA,NA,"333050",NA,1,0,0,0,0,0,0,0,0,0,0,0,0,0,0,0,0,0,0,0,0,0,0,0,NA,0,NA,0,NA,0,0,0,0,0,0,0,0,0,0,0,0,0,0,0,0,0,0,0,0,0,0,0,0,0,0,0,0,0,0,0,0,0,0,0,0,0,0,0,0,0,0,0,0,0,0,0,159,115,189,101,110,212,97,37,219,161,43,116,103,35,115,39,98,111,101,42,245,95,167,103,107,151,117,31,157,187,28,76,122,42,107,39,115,100,128,172,32,128,44,85,115,38,112,186,36,36,177,104,99,144,110,243,125,107,117,221,45,108,26,107,93,30,116,150,27,34,179,100,143,234,100,166,117,122,103,32
"1861","P","460826",5,200,56,1008425,25,19,1,NA,1,2,2,2,2,2,NA,NA,2,NA,NA,NA,NA,NA,1,2,2,2,2,2,2,0,40,1,1,2,5,NA,NA,NA,NA,NA,1,4,NA,NA,NA,NA,NA,NA,NA,NA,NA,3,5,3,3,3,0,0,15,0,1,NA,16,0,1,0,0,80000,45,1,5,1,NA,4,999,999,NA,2,1,NA,1,0,NA,NA,1,1,770,70,23,NA,NA,NA,6,"23",1,NA,0,6710,NA,80000,80000,56,501,200,56,1,2,1,1,1,1,0,0,0,0,1,0,0,1,0,NA,NA,NA,NA,"474031",NA,1,0,0,0,0,0,0,0,0,0,0,0,0,0,0,0,0,0,0,0,0,0,0,0,NA,0,NA,0,NA,0,0,0,0,0,1,0,0,0,0,0,0,0,0,0,0,0,0,0,0,0,0,1,1,1,1,1,0,0,0,0,0,0,1,0,0,0,0,0,1,1,1,0,0,0,0,0,37,38,10,8,59,16,12,58,31,14,19,5,27,16,19,18,12,31,21,31,7,8,96,49,6,41,35,9,11,19,43,62,34,44,15,50,51,17,34,32,61,56,7,8,38,40,8,38,38,40,41,15,22,27,29,35,6,32,29,27,7,8,24,44,7,13,45,7,5,23,20,34,18,24,36,20,29,24,31,20
"2380","P","616205",2,400,56,1008425,459,48,1,NA,3,2,2,2,2,2,NA,NA,2,NA,2,2,NA,NA,1,2,2,2,2,2,2,0,20,1,1,2,1,2,2,1,2,1989,1,4,NA,NA,NA,NA,NA,NA,NA,NA,NA,3,5,3,3,3,0,0,1,0,1,NA,22,0,2,0,0,25000,40,1,1,1,NA,4,999,999,NA,2,1,NA,1,0,2310,NA,1,1,7860,86,43,NA,NA,NA,1,"6111",1,NA,0,2330,4,25000,25000,56,501,400,56,1,2,1,1,1,1,0,0,0,0,1,0,0,1,0,2,2,NA,NA,"252050",NA,1,0,0,0,0,0,0,0,0,0,0,0,0,0,0,0,0,0,0,0,0,0,0,0,NA,0,NA,0,NA,0,0,0,0,0,0,0,0,0,0,0,0,0,0,0,0,0,0,0,0,0,0,0,0,0,0,0,0,0,0,0,0,0,0,0,0,0,0,0,0,0,0,0,0,0,0,0,676,203,165,424,386,498,638,438,185,431,159,178,695,381,751,623,447,549,319,453,178,608,650,535,450,457,179,604,694,449,743,657,165,465,155,465,402,159,490,455,663,176,143,488,426,511,589,431,224,413,123,169,751,474,785,531,499,660,353,546,171,553,671,407,401,404,141,565,816,462,655,671,152,422,164,535,592,151,448,424
"2814","P","727250",3,300,56,1008425,48,29,1,NA,1,2,2,2,2,2,NA,NA,2,NA,NA,NA,NA,NA,1,2,2,2,2,2,2,0,5,1,1,2,5,NA,NA,NA,NA,NA,3,4,NA,NA,NA,NA,NA,NA,NA,NA,NA,3,5,3,3,3,0,0,2,0,1,NA,19,0,1,0,0,28000,40,1,1,NA,NA,4,999,999,NA,2,1,NA,1,1,NA,NA,1,1,8790,53,16,NA,300,56,6,"8112",1,NA,0,7010,NA,28000,28000,56,354,300,56,1,2,3,1,1,1,0,0,0,0,1,0,0,1,0,NA,NA,1,3,"492011",NA,1,0,0,1,0,1,1,1,1,1,1,1,0,0,1,0,1,0,0,0,0,0,1,1,NA,1,NA,1,NA,1,1,1,0,1,1,1,1,1,1,0,1,0,0,0,0,0,1,1,1,0,1,1,1,1,1,1,1,1,1,1,0,0,1,0,1,1,1,0,1,1,1,1,1,1,0,0,13,35,57,45,43,14,62,62,94,44,15,15,56,41,24,63,65,54,48,44,19,43,74,66,50,20,38,31,68,125,13,15,80,93,16,62,106,42,41,50,82,51,53,48,66,95,55,82,17,14,86,76,14,76,85,11,10,62,53,55,88,46,55,50,44,63,37,53,10,11,82,65,12,79,115,10,8,29,42,33
"3341","P","847240",4,500,56,1008425,12,6,1,NA,NA,2,2,2,NA,2,NA,NA,2,NA,NA,NA,NA,NA,1,2,2,2,2,2,2,NA,NA,NA,NA,2,5,NA,NA,NA,NA,NA,1,NA,NA,NA,NA,NA,NA,NA,NA,NA,NA,NA,NA,NA,NA,NA,NA,NA,2,NA,2,2,3,NA,1,NA,NA,NA,NA,NA,NA,NA,NA,1,88,999,NA,2,NA,1,NA,0,NA,NA,1,1,NA,NA,NA,NA,NA,NA,NA,"",1,1,1,NA,NA,NA,NA,56,469,NA,NA,1,2,2,1,1,1,0,0,0,0,1,0,0,1,1,NA,NA,NA,NA,"",NA,1,0,0,0,0,0,0,0,0,0,0,0,0,0,0,0,0,0,0,0,0,0,0,0,NA,0,NA,0,NA,0,0,0,0,0,0,0,0,0,0,0,0,0,0,0,0,0,0,0,0,0,0,0,0,0,0,0,0,0,0,0,0,0,0,0,0,0,0,0,0,0,0,0,0,0,0,0,19,8,11,25,13,17,15,10,13,3,14,4,12,10,4,12,24,3,4,4,3,14,11,1,10,3,13,20,9,17,15,20,11,8,18,13,2,20,20,16,16,6,17,14,12,19,11,11,12,3,11,3,17,14,5,8,20,6,4,5,3,8,8,5,12,4,16,14,14,16,10,14,10,9,17,13,4,21,21,15
"601","P","153739",5,100,56,1008425,8,11,1,NA,NA,2,2,2,NA,2,NA,NA,2,NA,NA,NA,NA,NA,1,2,2,2,2,2,2,NA,NA,NA,NA,2,5,NA,NA,NA,NA,NA,1,NA,NA,NA,NA,NA,NA,NA,NA,NA,NA,NA,NA,NA,NA,NA,NA,NA,2,NA,2,7,8,NA,2,NA,NA,NA,NA,NA,NA,NA,NA,1,22,999,NA,2,NA,1,NA,0,NA,NA,1,1,NA,NA,NA,NA,NA,NA,NA,"",1,1,1,NA,NA,NA,NA,49,266,NA,NA,1,2,3,1,1,1,0,0,0,0,1,0,0,1,1,NA,NA,NA,NA,"",NA,1,0,0,0,0,0,0,0,0,0,0,0,0,0,0,0,0,0,0,0,0,0,0,0,NA,0,NA,0,NA,0,0,0,0,0,0,0,0,0,0,0,0,0,0,0,0,0,0,0,0,0,0,0,0,0,0,0,0,0,0,0,0,0,0,0,0,0,0,0,0,0,0,0,0,0,0,0,22,9,2,3,9,8,8,11,11,18,11,3,14,12,16,8,4,9,3,2,3,9,12,14,10,7,10,9,12,3,8,15,2,9,1,6,12,9,16,14,21,12,2,2,11,9,8,11,10,14,11,3,15,11,14,8,1,7,5,3,3,8,14,14,7,7,10,8,11,3,7,15,2,7,2,5,12,8,19,18
"2578","P","667466",2,200,56,1008425,125,61,1,NA,7,2,2,2,2,2,NA,2,2,NA,NA,2,NA,NA,2,2,2,2,2,2,2,0,NA,NA,11,2,1,2,2,2,2,2002,1,2,0,0,0,1,0,0,0,0,0,3,5,3,3,3,0,0,1,0,1,NA,16,0,1,0,0,12000,60,1,1,1,NA,4,999,999,NA,2,NA,NA,1,0,NA,NA,2,1,8590,NA,NA,NA,NA,NA,1,"713Z",1,NA,0,430,NA,12000,12000,46,313,200,56,2,2,1,1,1,1,0,0,0,0,1,0,0,1,0,NA,NA,NA,NA,"119XXX",6,1,0,0,0,0,0,0,0,0,0,0,0,0,0,0,0,0,0,0,0,0,0,0,0,NA,0,NA,0,NA,0,0,0,0,0,0,0,0,0,0,0,0,0,0,0,0,0,0,0,0,0,0,0,0,0,1,1,0,0,0,0,0,0,0,0,0,0,0,0,0,0,1,0,0,0,0,0,160,31,104,40,117,137,39,134,193,34,39,255,131,137,211,92,207,109,119,269,127,37,129,49,169,172,34,123,214,37,42,186,101,108,195,159,233,118,122,175,131,34,115,34,107,104,35,123,243,37,32,243,133,132,212,87,190,143,145,162,106,37,117,56,179,130,39,123,250,53,34,199,115,108,200,162,263,134,112,175
"5716","P","1477709",1,400,56,1008425,55,51,1,NA,4,1,2,2,1,1,NA,NA,2,NA,NA,2,NA,NA,2,2,2,2,2,2,2,0,5,1,1,2,1,2,2,2,2,2012,1,4,NA,NA,NA,NA,NA,NA,NA,NA,NA,2,5,2,2,3,0,0,0,0,1,NA,17,0,2,0,0,45000,48,1,1,1,NA,4,999,999,NA,1,1,NA,1,0,NA,NA,2,1,9470,77,37,NA,NA,NA,1,"92MP",1,NA,0,3800,4,45000,45000,56,398,400,56,2,2,3,1,1,1,0,0,0,0,1,0,0,1,0,NA,NA,NA,NA,"333010",NA,1,0,0,0,0,0,0,0,0,0,0,0,0,0,0,0,0,0,0,0,0,0,0,0,NA,0,NA,0,NA,0,0,0,0,0,0,1,1,1,1,0,0,0,0,0,0,0,0,0,0,0,0,0,0,0,0,0,0,1,0,0,0,0,0,0,0,0,0,0,0,0,0,0,0,0,0,0,55,23,26,14,10,70,15,60,21,62,60,59,43,22,18,55,60,12,38,61,76,42,42,70,82,77,47,105,47,81,100,96,101,48,61,116,94,73,90,15,47,14,16,18,21,61,19,65,18,40,57,59,67,16,14,56,45,21,67,56,98,54,72,48,53,121,51,91,53,100,106,76,77,66,45,72,109,48,83,16
"5011","P","1300986",1,300,56,1008425,62,73,1,NA,NA,2,2,2,2,2,NA,NA,2,NA,NA,2,NA,NA,1,2,1,2,2,2,2,5600,NA,NA,NA,2,1,2,2,1,2,1958,1,4,NA,NA,NA,NA,NA,NA,NA,NA,NA,3,5,3,3,3,0,0,0,34600,1,NA,16,0,1,0,19700,0,NA,3,NA,2,NA,1,51,999,NA,2,NA,NA,6,0,NA,NA,1,1,NA,NA,NA,NA,NA,NA,1,"",1,NA,0,NA,NA,0,59900,56,501,NA,NA,1,1,3,1,1,1,0,0,0,0,1,0,0,1,0,NA,NA,NA,NA,"",NA,1,0,0,0,0,0,0,0,0,0,0,0,0,0,0,0,0,0,0,0,0,0,0,0,0,0,NA,0,NA,0,0,0,0,0,0,0,0,0,0,0,0,0,0,0,0,0,0,0,0,0,0,0,0,0,0,0,0,0,0,0,0,0,0,0,0,0,0,0,0,0,0,0,0,0,0,0,21,16,65,109,106,77,17,122,20,62,60,57,53,60,68,87,15,68,66,58,54,60,18,55,70,17,73,78,61,22,122,115,94,120,18,56,53,119,16,100,18,20,68,118,96,74,16,129,18,58,65,65,56,76,62,89,17,76,61,63,69,56,19,66,54,20,50,57,72,19,122,100,105,113,21,58,52,100,18,86
"3484","P","884492",2,400,56,1008425,96,36,1,NA,1,1,2,1,2,1,NA,NA,2,NA,2,2,NA,NA,1,2,2,2,2,2,2,0,15,2,1,2,1,2,2,2,2,1997,1,4,NA,NA,NA,NA,NA,NA,NA,NA,NA,3,5,3,3,3,0,0,1,0,1,NA,16,0,2,0,0,40000,40,1,1,1,NA,1,51,999,NA,1,2,NA,1,0,NA,NA,1,1,2070,79,37,NA,NA,NA,1,"32411",1,NA,0,5820,1,40000,40000,49,501,400,56,1,2,3,1,1,1,0,0,0,0,1,0,0,1,0,NA,NA,NA,NA,"439022",NA,1,0,0,0,0,0,0,0,0,0,0,0,0,0,0,0,0,0,0,0,0,0,0,0,NA,0,NA,0,NA,0,0,0,0,0,0,0,0,0,0,0,0,0,0,0,0,0,0,0,0,0,0,0,0,0,0,0,0,0,0,0,0,0,0,0,0,0,0,0,0,0,0,0,0,0,0,0,30,115,94,107,161,102,147,88,114,114,105,37,147,161,32,80,90,31,88,143,185,111,111,114,34,117,30,73,89,33,88,178,26,25,178,85,83,179,90,29,23,81,103,92,174,115,218,132,89,146,86,23,153,138,28,130,97,29,92,178,140,98,103,93,26,91,35,107,96,26,104,144,32,38,132,93,107,164,98,27
"940","P","222096",2,200,56,1008425,45,30,1,NA,1,2,2,2,2,2,NA,NA,2,NA,2,2,NA,NA,2,2,2,2,2,2,2,0,1,NA,10,2,5,NA,NA,NA,NA,NA,1,4,NA,NA,NA,NA,NA,NA,NA,NA,NA,3,5,3,3,3,0,0,13,0,1,NA,19,0,2,0,0,200,25,1,6,1,NA,2,50,142,NA,2,NA,NA,1,0,NA,NA,2,1,8680,130,85,NA,NA,NA,6,"722Z",1,NA,0,4110,4,200,200,36,1,200,56,2,2,3,1,1,1,0,0,0,0,1,0,0,1,0,NA,NA,NA,NA,"353031",NA,1,0,0,0,0,0,0,0,0,0,0,0,0,0,0,0,0,0,0,0,0,0,0,0,NA,0,NA,0,NA,0,0,0,0,0,0,0,0,0,0,0,0,0,0,0,0,0,0,0,0,0,0,0,0,0,0,0,0,0,0,0,0,0,0,0,0,0,0,0,0,0,0,0,0,0,0,0,65,75,37,57,13,47,80,41,31,14,40,44,78,85,13,11,58,52,18,68,51,80,49,40,12,51,49,43,40,13,57,49,77,84,10,15,67,35,11,49,53,90,46,37,14,44,37,68,35,13,67,45,57,63,11,12,69,60,13,50,68,74,33,42,16,46,44,77,60,14,49,48,72,61,10,11,78,51,16,42
"612","P","157418",1,300,56,1008425,42,47,1,NA,3,2,2,2,2,2,NA,NA,2,NA,2,2,NA,NA,2,2,2,2,1,2,2,0,5,1,1,2,1,2,2,1,2,2009,1,4,NA,NA,NA,NA,NA,NA,NA,NA,NA,3,5,3,3,3,0,0,0,0,1,NA,21,5500,2,0,0,12200,22,1,1,1,NA,1,22,999,NA,2,1,NA,1,0,3301,NA,1,1,6770,89,49,NA,NA,NA,1,"51912",1,NA,0,2430,4,17700,17700,32,501,300,56,1,2,2,1,1,1,0,0,0,0,1,0,0,1,0,2,2,NA,NA,"254021",NA,1,0,0,0,0,0,0,0,0,0,0,0,0,0,0,0,0,0,0,0,0,0,0,0,NA,0,NA,0,0,0,0,0,0,0,0,0,0,0,0,0,0,0,0,0,0,0,0,0,0,0,0,0,0,0,0,0,0,0,0,0,0,0,0,0,0,0,0,0,0,0,0,0,0,0,0,0,74,62,69,13,55,59,72,54,41,39,40,44,12,47,61,15,48,9,47,98,12,41,10,62,37,13,13,39,39,45,39,33,64,47,14,75,46,62,41,14,55,42,62,11,34,61,78,35,34,67,47,43,12,41,106,17,37,11,36,70,8,47,13,64,47,10,13,46,37,36,43,50,70,50,12,87,52,70,48,7
"3298","P","839081",1,300,56,1008425,11,67,1,NA,1,2,2,2,2,2,NA,NA,2,NA,NA,2,NA,NA,2,2,1,1,2,2,2,0,NA,NA,NA,2,2,2,2,1,2,1988,1,4,NA,NA,NA,NA,NA,NA,NA,NA,NA,2,5,2,2,3,0,0,0,0,1,NA,19,0,1,0,17600,0,NA,2,NA,2,NA,4,999,999,NA,2,NA,NA,6,0,NA,NA,1,1,770,NA,NA,NA,NA,NA,3,"23",1,NA,0,6320,NA,0,17600,6,157,NA,NA,2,1,3,1,1,1,0,0,0,0,1,0,0,1,0,NA,NA,NA,NA,"47207X",NA,1,0,0,0,0,0,0,0,0,0,0,0,0,0,0,0,0,0,0,0,0,0,0,0,0,0,0,0,NA,0,0,0,0,0,0,0,0,0,0,0,0,0,1,1,0,1,1,0,0,0,0,0,0,0,0,1,0,0,0,0,0,0,0,0,0,0,0,0,0,1,0,0,0,0,0,0,4,14,19,3,10,21,4,2,11,12,23,13,9,12,10,16,12,11,6,9,25,4,4,18,11,4,17,22,11,13,4,10,10,13,14,3,9,12,19,10,3,18,18,4,10,25,3,6,13,13,19,12,11,12,10,15,12,12,3,10,23,3,4,23,8,4,20,23,13,14,2,12,10,12,13,4,11,13,19,10
"3624","P","916895",1,400,56,1008425,89,65,1,NA,1,2,2,2,2,2,NA,NA,2,NA,NA,2,NA,NA,2,2,1,2,2,2,2,1900,15,1,1,2,1,2,2,2,2,1978,1,4,NA,NA,NA,NA,NA,NA,NA,NA,NA,3,1,1,1,2,0,0,0,0,1,NA,16,0,1,0,0,72000,40,1,1,1,NA,2,82,21,NA,2,1,NA,1,1,NA,NA,1,1,4270,43,10,NA,NA,NA,1,"4238",1,NA,0,8140,NA,72000,73900,19,501,400,56,2,1,4,1,1,1,0,0,0,0,1,0,0,1,0,NA,NA,NA,NA,"514120",NA,1,0,0,0,0,0,0,0,0,0,0,0,0,0,0,0,0,0,0,0,0,0,1,1,0,0,NA,1,NA,1,1,1,0,1,0,1,1,1,1,0,0,0,0,0,0,0,0,0,0,0,0,1,0,0,0,0,0,1,1,1,0,0,0,0,0,0,0,0,0,0,0,0,0,0,0,0,95,113,84,84,125,25,22,29,80,145,69,28,81,75,22,76,138,140,186,26,85,101,89,66,89,163,136,142,121,29,72,128,103,102,186,91,29,33,23,124,84,82,93,81,74,23,31,26,111,134,82,27,82,90,31,83,141,175,177,25,71,91,113,94,80,128,147,134,101,25,74,143,102,85,164,124,23,30,25,148
"5060","P","1311387",1,500,56,1008425,51,33,1,NA,3,2,2,2,2,2,NA,NA,2,NA,2,2,NA,NA,2,2,2,2,2,2,2,0,NA,NA,11,2,1,2,2,1,2,2003,1,4,NA,NA,NA,NA,NA,NA,NA,NA,NA,3,5,3,3,3,0,0,0,0,1,NA,16,0,2,0,0,12000,15,1,1,1,NA,4,999,999,NA,2,NA,NA,1,0,NA,NA,2,1,9370,NA,NA,NA,NA,NA,1,"9211MP",1,NA,0,5120,1,12000,12000,56,193,500,56,2,2,1,1,1,1,0,0,0,0,1,0,0,1,0,NA,NA,NA,NA,"433031",NA,1,0,0,0,0,1,0,0,0,0,0,0,0,0,0,0,0,0,0,0,0,0,0,0,NA,0,NA,0,NA,0,0,0,0,1,0,0,0,0,0,0,0,0,0,0,0,0,0,0,0,0,0,0,0,0,0,0,0,0,0,0,0,0,0,0,0,0,0,0,0,0,0,0,0,0,0,0,50,38,96,17,45,50,15,43,53,18,36,43,49,13,79,81,84,98,22,53,61,49,18,67,61,49,98,66,45,75,37,49,55,97,20,14,14,15,79,48,51,32,17,106,50,54,110,55,48,75,46,61,43,98,20,12,18,14,85,60,58,53,62,20,41,42,18,49,39,14,59,40,42,16,74,78,81,93,15,53
"2002","P","497512",1,500,56,1008425,272,43,4,2000,NA,2,2,2,2,2,NA,NA,2,NA,2,2,NA,NA,1,2,2,2,2,2,2,0,NA,NA,NA,2,1,2,2,1,2,1989,1,4,NA,NA,NA,NA,NA,NA,NA,NA,NA,3,5,3,3,3,0,0,0,0,1,NA,10,0,2,0,0,0,NA,3,NA,NA,1996,4,999,999,6,2,NA,NA,6,1,NA,NA,1,2,NA,NA,NA,NA,NA,NA,1,"",2,NA,0,NA,2,0,0,134,288,NA,NA,1,2,4,1,1,1,0,0,0,0,1,0,0,1,0,NA,NA,NA,NA,"",NA,5,0,0,1,1,0,1,1,1,1,1,1,0,0,1,0,1,1,0,0,0,0,1,1,NA,1,NA,1,NA,1,1,1,0,0,1,0,0,0,0,0,1,1,1,1,1,1,0,1,0,0,1,0,1,1,1,1,1,0,1,1,0,0,1,0,1,1,1,0,1,1,1,0,1,0,0,1,283,327,286,109,362,235,71,335,467,663,417,230,247,253,249,200,110,87,87,466,315,463,188,65,255,352,112,290,545,438,415,314,334,213,314,143,58,104,77,105,363,90,278,479,288,237,460,299,128,80,138,248,262,271,253,217,319,396,358,82,216,65,314,459,295,332,355,179,99,100,75,319,225,343,372,250,428,512,515,557
"174","P","51720",1,200,56,1008425,17,80,1,NA,NA,2,2,2,2,2,NA,NA,2,NA,NA,2,NA,NA,2,1,1,2,2,2,2,0,NA,NA,NA,2,2,2,2,1,2,1952,1,4,NA,NA,NA,NA,NA,NA,NA,NA,NA,2,5,2,2,3,0,0,0,0,1,NA,17,0,2,0,24400,0,NA,3,NA,2,NA,2,50,22,NA,2,NA,NA,6,0,NA,NA,1,1,NA,NA,NA,NA,NA,NA,3,"",1,NA,0,NA,4,0,24400,20,352,NA,NA,1,1,4,1,1,1,0,0,0,0,1,0,0,1,0,NA,NA,NA,NA,"",NA,1,0,0,0,0,0,0,0,0,0,0,0,0,0,0,0,0,0,0,0,0,0,0,0,0,0,NA,0,NA,0,0,0,0,0,0,0,0,0,0,0,0,0,0,0,0,0,0,0,0,0,0,0,0,0,0,1,0,0,0,0,0,0,0,0,0,0,0,0,0,1,0,0,0,0,0,0,5,6,4,17,12,21,17,12,26,28,31,18,4,13,35,19,15,34,14,7,4,5,5,17,19,18,14,18,38,26,25,20,5,19,29,12,20,28,19,32,25,30,34,18,14,16,13,16,6,4,7,13,29,17,5,14,18,4,12,41,40,32,24,15,16,20,16,16,6,3,5,27,30,19,6,13,16,6,19,6
"5402","P","1391436",4,100,56,1008425,10,9,1,NA,NA,2,2,2,NA,2,NA,NA,2,NA,NA,NA,NA,NA,1,1,2,2,2,2,2,NA,NA,NA,NA,2,5,NA,NA,NA,NA,NA,1,NA,NA,NA,NA,NA,NA,NA,NA,NA,NA,NA,NA,NA,NA,NA,NA,NA,2,NA,2,6,6,NA,1,NA,NA,NA,NA,NA,NA,NA,NA,4,999,999,NA,2,NA,1,NA,1,NA,NA,1,1,NA,NA,NA,NA,NA,NA,NA,"",1,1,1,NA,NA,NA,NA,49,124,NA,NA,1,2,2,1,1,1,0,0,0,0,1,0,0,1,1,NA,NA,NA,NA,"",NA,1,0,0,1,0,0,1,1,1,1,0,1,0,0,1,0,0,0,0,0,0,0,1,1,NA,1,NA,1,NA,1,1,1,0,0,0,0,0,0,0,0,1,0,0,0,0,0,0,1,0,0,0,0,0,0,0,0,1,0,1,1,0,0,0,1,1,1,0,0,0,0,0,0,0,0,0,0,13,16,8,10,10,16,9,21,4,9,3,13,10,11,4,3,18,11,3,8,21,11,15,14,4,11,5,9,13,3,7,3,13,15,10,6,8,4,11,1,13,5,11,9,12,3,10,2,16,9,20,14,9,15,16,15,3,10,23,11,3,10,1,3,16,11,18,9,15,18,8,18,4,3,9,8,10,22,14,22
"848","P","206618",4,500,56,1008425,38,4,1,NA,NA,NA,2,2,NA,NA,NA,NA,NA,NA,NA,NA,NA,NA,2,2,2,1,2,2,2,NA,NA,NA,NA,NA,5,NA,NA,NA,NA,NA,1,NA,NA,NA,NA,NA,NA,NA,NA,NA,NA,NA,NA,NA,NA,NA,NA,NA,2,NA,3,1,2,NA,1,NA,NA,NA,NA,NA,NA,NA,NA,2,87,994,NA,2,NA,1,NA,0,NA,NA,1,1,NA,NA,NA,NA,NA,NA,NA,"",1,1,1,NA,NA,NA,NA,56,76,NA,NA,2,1,2,1,1,1,0,0,0,0,1,0,0,1,1,NA,NA,NA,NA,"",NA,1,0,0,0,0,0,0,0,0,0,0,0,0,0,0,0,0,0,0,0,0,0,0,0,NA,0,0,0,NA,0,0,0,0,0,0,0,0,0,0,0,0,0,0,0,0,0,0,0,0,0,0,0,0,0,0,0,0,0,0,0,0,0,0,0,0,0,0,0,0,0,0,0,0,0,0,0,44,65,55,40,50,11,39,35,43,10,49,62,46,12,9,36,39,16,66,33,46,74,79,41,49,11,48,53,41,15,50,62,39,10,11,45,33,9,53,51,40,9,12,34,13,79,41,32,44,56,32,11,34,71,80,34,39,68,15,55,34,11,9,39,9,68,39,30,40,61,41,13,47,63,51,35,44,62,10,29
"2327","P","598534",3,300,56,1008425,419,18,1,NA,NA,2,2,2,2,2,NA,NA,2,NA,NA,NA,NA,NA,1,2,2,2,2,2,2,0,NA,NA,NA,2,5,NA,NA,NA,NA,NA,1,4,NA,NA,NA,NA,NA,NA,NA,NA,NA,2,5,2,2,3,0,0,12,0,2,15,19,0,1,0,0,0,NA,3,NA,2,NA,1,32,999,NA,2,NA,NA,6,0,NA,NA,1,1,NA,NA,NA,NA,NA,NA,6,"",1,NA,0,NA,NA,0,0,56,0,NA,NA,1,2,1,1,1,1,0,0,0,0,1,0,0,1,0,NA,NA,NA,NA,"",NA,1,0,0,0,0,0,0,0,0,0,0,0,0,0,0,0,0,0,0,0,0,0,0,0,NA,0,NA,0,NA,0,0,0,0,0,0,0,0,0,0,0,0,0,0,0,0,0,0,0,0,0,0,0,0,0,0,0,1,0,0,0,0,0,0,0,0,0,0,0,0,0,0,0,0,0,0,0,365,127,476,347,161,390,550,177,185,541,528,403,529,453,756,362,311,580,187,212,544,575,431,607,612,475,145,576,573,162,427,408,148,480,247,377,416,364,414,151,361,532,384,426,622,316,162,596,445,230,390,437,215,441,168,433,289,405,679,768,619,158,465,407,147,467,541,208,134,592,488,381,592,429,497,370,505,420,216,487
"3392","P","857650",3,200,56,1008425,70,2,1,NA,NA,NA,2,2,NA,NA,NA,NA,NA,NA,NA,NA,NA,NA,2,2,2,2,1,2,2,NA,NA,NA,NA,NA,5,NA,NA,NA,NA,NA,3,NA,NA,NA,NA,NA,NA,NA,NA,NA,NA,NA,NA,NA,NA,NA,NA,NA,2,NA,NA,NA,NA,NA,2,NA,NA,NA,NA,NA,NA,NA,NA,1,195,999,NA,2,NA,2,NA,0,NA,NA,1,1,NA,NA,NA,NA,200,56,NA,"",1,1,1,NA,NA,NA,NA,27,235,NA,NA,1,2,2,1,1,1,0,0,0,0,1,0,0,1,1,NA,NA,NA,NA,"",NA,1,0,0,0,0,0,0,0,0,0,0,0,0,0,0,0,0,0,0,0,0,0,0,0,NA,0,NA,0,0,0,0,0,0,0,0,0,0,0,0,0,0,0,0,0,0,0,0,0,0,0,0,0,0,0,0,0,0,0,0,0,0,0,0,0,0,0,0,0,0,0,0,0,0,0,0,0,34,88,98,24,51,104,30,26,84,68,88,68,67,75,79,77,64,68,33,56,82,31,34,87,62,29,124,126,84,61,29,70,82,82,61,36,56,62,131,53,27,175,178,19,63,177,15,20,76,71,169,59,47,51,71,140,68,62,15,60,153,17,19,169,63,16,135,151,68,88,21,90,76,80,61,15,74,66,173,75
"5273","P","1364416",6,100,56,1008425,39,9,1,NA,NA,2,2,2,NA,2,NA,NA,2,NA,NA,NA,NA,NA,1,2,2,2,2,2,2,NA,NA,NA,NA,2,5,NA,NA,NA,NA,NA,1,NA,NA,NA,NA,NA,NA,NA,NA,NA,NA,NA,NA,NA,NA,NA,NA,NA,2,NA,2,4,4,NA,1,NA,NA,NA,NA,NA,NA,NA,NA,1,929,999,NA,2,NA,2,NA,0,NA,NA,1,1,NA,NA,NA,NA,NA,NA,NA,"",1,1,1,NA,NA,NA,NA,20,501,NA,NA,1,2,4,1,1,1,0,0,0,0,1,0,0,1,1,NA,NA,NA,NA,"",NA,1,0,0,0,0,0,0,0,0,0,0,0,0,0,0,0,0,0,0,0,0,0,0,0,NA,0,NA,0,NA,0,0,0,0,0,0,0,0,0,0,0,0,0,0,0,0,0,0,0,0,0,0,0,0,0,0,0,0,0,0,0,0,0,0,0,0,0,0,0,0,0,0,0,0,0,0,0,62,48,15,65,36,65,33,10,41,12,60,52,8,10,35,37,32,35,47,65,73,47,12,57,33,58,39,10,42,12,70,41,12,15,47,40,36,41,39,11,10,43,75,14,43,9,36,79,53,60,17,37,47,73,29,31,39,28,43,12,12,35,63,12,29,14,44,55,51,86,12,42,63,62,40,40,32,35,46,59
"5661","P","1455885",3,100,56,1008425,14,1,1,NA,NA,NA,2,2,NA,NA,NA,NA,NA,NA,NA,NA,NA,NA,2,2,2,1,2,2,2,NA,NA,NA,NA,NA,5,NA,NA,NA,NA,NA,3,NA,NA,NA,NA,NA,NA,NA,NA,NA,NA,NA,NA,NA,NA,NA,NA,NA,7,NA,NA,NA,NA,NA,1,NA,NA,NA,NA,NA,NA,NA,NA,1,290,999,NA,2,NA,NA,NA,0,NA,NA,1,2,NA,NA,NA,NA,51135,51,NA,"",1,NA,0,NA,NA,NA,NA,26,200,NA,NA,2,1,2,1,1,1,0,0,0,0,1,0,0,1,1,NA,NA,NA,NA,"",NA,1,0,0,0,0,0,0,0,0,0,0,0,0,0,0,0,0,0,0,0,0,0,0,0,NA,0,0,0,NA,0,0,0,0,0,0,0,0,0,0,0,0,0,0,0,0,0,0,0,0,0,0,0,0,0,0,0,0,0,0,0,0,0,0,0,0,0,0,0,0,0,0,0,0,0,0,0,12,5,15,6,20,19,20,15,11,8,10,32,19,23,46,6,13,7,12,14,19,5,21,3,25,21,13,13,16,4,19,26,8,24,26,3,19,7,25,11,11,6,20,5,37,13,12,16,16,7,17,36,12,21,28,3,17,5,26,11,16,3,14,4,24,27,13,12,14,5,11,29,22,23,40,5,13,6,12,12
"2056","P","514547",2,400,56,1008425,76,34,1,NA,1,2,2,2,2,2,NA,NA,2,NA,NA,2,NA,NA,2,2,2,2,2,2,2,0,NA,NA,NA,2,1,2,2,1,2,2013,1,4,NA,NA,NA,NA,NA,NA,NA,NA,NA,3,1,1,1,2,0,0,1,0,1,NA,17,0,1,0,0,80000,80,1,4,2,NA,4,999,999,NA,2,NA,NA,3,0,NA,NA,2,1,670,NA,NA,NA,NA,NA,1,"2213M",1,NA,0,8620,NA,80000,80000,56,501,NA,NA,2,2,2,1,1,1,0,0,0,0,1,0,0,1,0,NA,NA,NA,NA,"518031",NA,1,0,0,0,0,0,0,0,0,0,0,0,0,0,0,0,0,0,0,0,0,0,0,0,NA,0,NA,0,NA,0,0,0,0,0,0,0,0,0,0,0,0,0,0,0,0,0,0,0,0,0,0,0,0,0,0,0,0,0,0,0,0,0,0,0,0,0,0,0,0,0,0,0,0,0,0,0,87,125,112,77,69,83,123,24,99,62,17,31,28,79,163,26,74,54,56,105,81,23,29,88,72,69,26,118,24,114,104,116,130,89,22,107,89,87,107,71,89,30,30,88,77,85,38,159,22,76,114,146,116,68,25,113,73,62,70,111,66,118,142,68,78,75,124,20,108,78,27,21,23,69,91,20,76,88,98,68
"5213","P","1347476",1,300,56,1008425,484,27,1,NA,5,2,2,2,2,2,NA,2,2,NA,NA,NA,NA,NA,2,2,2,2,1,2,2,0,9,1,1,2,3,2,2,1,2,2009,3,2,1,0,0,0,0,0,0,0,0,3,5,3,3,3,0,0,0,0,1,NA,20,0,1,0,0,24000,55,1,1,1,NA,1,210,999,NA,2,1,NA,1,0,NA,NA,1,2,9590,57,18,NA,400,38,4,"928P",1,NA,0,2145,NA,24000,24000,6,197,300,56,1,2,1,9,68,29,0,0,0,0,2,0,1,1,0,NA,NA,NA,NA,"232011",1,1,0,0,0,0,0,0,0,0,0,0,0,0,0,0,0,0,0,0,0,0,0,0,0,NA,0,NA,0,0,0,0,0,0,0,0,0,0,0,0,0,0,0,0,0,0,0,0,0,0,0,0,0,0,0,0,0,0,0,0,0,0,0,0,0,0,0,0,0,0,0,0,0,0,0,0,0,382,224,409,193,781,699,431,389,436,191,420,814,459,705,766,165,477,134,437,503,400,249,512,194,639,887,525,481,542,275,523,861,498,667,571,149,734,140,439,434,482,149,566,172,788,779,549,471,509,200,555,668,468,650,827,148,437,259,542,413,729,133,449,159,661,754,507,491,457,129,419,596,457,732,868,131,524,148,462,318
"3169","P","814907",5,500,56,1008425,26,8,1,NA,NA,2,2,2,NA,2,NA,NA,2,NA,NA,NA,NA,NA,2,2,2,2,2,2,1,NA,NA,NA,NA,2,5,NA,NA,NA,NA,NA,1,NA,NA,NA,NA,NA,NA,NA,NA,NA,NA,NA,NA,NA,NA,NA,NA,NA,7,NA,2,6,6,NA,2,NA,NA,NA,NA,NA,NA,NA,NA,1,920,999,NA,2,NA,7,NA,0,NA,NA,2,1,NA,NA,NA,NA,NA,NA,NA,"",1,7,0,NA,NA,NA,NA,56,155,NA,NA,2,2,1,3,27,3,1,0,0,0,1,0,0,0,1,NA,NA,1,5,"",NA,1,0,0,0,0,0,0,0,0,0,0,0,0,0,0,0,0,0,0,0,0,0,0,0,NA,0,NA,0,NA,0,0,0,0,0,0,0,0,0,0,0,0,0,0,0,0,0,0,0,0,0,0,0,0,0,0,0,0,0,0,0,0,0,0,0,0,0,0,0,0,0,0,0,0,0,0,0,21,44,31,23,27,6,8,23,11,43,7,44,30,53,46,20,25,22,21,44,40,23,8,64,36,24,18,6,29,23,25,25,6,27,30,50,41,6,8,21,28,23,10,42,49,26,32,11,27,25,27,23,8,29,28,38,40,9,6,7,31,46,27,26,29,8,8,24,6,38,7,38,25,45,54,24,22,24,26,9
"2551","P","664223",1,400,56,1008425,134,70,1,NA,6,2,2,2,2,2,NA,NA,2,NA,NA,2,NA,NA,2,2,1,2,2,2,2,2000,5,NA,10,2,1,2,2,1,2,1967,1,4,NA,NA,NA,NA,NA,NA,NA,NA,NA,3,5,3,3,3,0,0,0,0,1,NA,23,223000,1,0,2000,0,45,1,1,1,NA,2,924,22,NA,2,NA,NA,1,0,5506,NA,1,1,7270,83,43,NA,NA,NA,1,"5411",1,NA,0,2100,NA,223000,227000,8,501,400,56,2,1,3,1,1,1,0,0,0,0,1,0,0,1,0,1,2,NA,NA,"2310XX",NA,1,0,0,0,0,0,0,0,0,0,0,0,0,0,0,0,0,0,1,0,0,0,0,0,0,0,NA,0,NA,0,0,0,0,0,0,0,0,0,0,0,0,0,0,0,0,0,0,0,0,0,0,0,0,0,0,0,0,0,0,0,0,0,0,0,0,0,0,0,0,0,0,0,0,0,0,0,40,51,199,132,57,217,208,167,121,44,119,166,115,134,40,125,122,202,258,116,37,50,237,105,37,228,209,125,184,45,121,125,148,143,41,135,116,220,220,84,199,203,38,132,237,38,49,153,166,213,117,160,137,162,300,105,148,51,40,125,249,204,48,147,241,34,38,123,106,222,134,114,174,136,209,153,107,45,51,155
"3312","P","843324",1,200,56,1008425,131,48,1,NA,1,2,2,2,2,2,NA,NA,2,NA,NA,2,NA,NA,1,2,2,2,2,2,2,0,100,1,1,2,1,2,2,2,2,2011,1,4,NA,NA,NA,NA,NA,NA,NA,NA,NA,3,1,1,1,2,0,0,0,0,1,NA,20,0,1,0,0,40000,60,1,1,1,NA,2,32,291,NA,2,1,NA,1,0,NA,NA,1,24,770,78,19,NA,NA,NA,1,"23",1,NA,0,8140,NA,40000,40000,49,262,400,56,1,2,4,1,1,1,0,0,0,0,1,0,0,1,0,NA,NA,NA,NA,"514120",NA,1,0,0,0,0,0,0,0,0,0,0,0,0,0,0,0,0,0,0,0,0,0,0,0,NA,0,NA,0,NA,0,0,0,0,0,0,0,0,0,0,0,0,0,0,0,0,0,0,0,0,0,0,0,0,0,0,0,0,0,0,0,0,0,0,0,0,0,0,0,0,0,0,0,0,0,0,0,196,212,73,129,275,39,29,268,137,143,159,126,207,115,137,118,47,78,31,167,149,131,40,183,292,30,33,269,144,152,197,132,217,112,169,119,49,158,29,254,99,114,79,150,208,64,61,250,166,113,202,133,211,152,101,142,48,135,46,300,112,123,84,88,144,52,38,234,78,93,295,112,139,163,90,126,58,119,48,220
"2617","P","682393",1,400,56,1008425,87,36,1,NA,1,2,2,2,2,2,NA,NA,2,NA,2,2,NA,NA,1,2,2,2,2,2,2,0,10,2,1,2,1,2,2,2,2,2009,1,4,NA,NA,NA,NA,NA,NA,NA,NA,NA,3,5,3,3,3,400,0,0,0,1,NA,19,0,2,0,0,27500,40,1,3,1,NA,2,32,918,NA,2,2,NA,1,0,NA,NA,1,1,7860,84,43,NA,NA,NA,1,"6111",1,NA,0,5700,3,27500,27900,56,499,400,56,1,2,3,1,1,1,0,0,0,0,1,0,0,1,0,NA,NA,NA,NA,"436010",NA,1,0,0,0,0,0,0,0,0,0,0,0,0,0,0,0,0,0,0,0,0,0,0,0,NA,0,NA,0,NA,0,0,0,0,0,0,0,0,0,0,0,0,0,0,0,0,0,0,0,0,0,0,0,0,0,0,0,0,0,0,0,0,0,0,0,0,0,0,0,0,0,0,0,0,0,0,0,129,86,22,22,30,98,87,114,72,78,161,175,137,88,27,92,131,71,79,151,29,91,149,152,130,107,112,94,86,76,24,23,26,90,142,82,25,93,91,29,129,109,25,24,27,89,84,90,110,103,139,143,154,84,23,95,148,75,74,154,24,82,151,160,140,78,96,84,91,92,26,27,25,90,140,82,31,94,78,26
"3819","P","959686",2,100,56,1008425,54,61,1,NA,1,2,1,2,2,1,NA,NA,2,NA,NA,2,NA,NA,2,1,2,2,2,2,2,0,30,1,1,2,1,2,2,1,2,1982,1,4,NA,NA,NA,NA,NA,NA,NA,NA,NA,3,5,3,3,3,0,0,1,0,1,NA,16,0,1,0,0,60000,60,1,1,1,NA,2,88,32,NA,1,1,NA,1,0,NA,NA,1,1,7070,88,43,NA,NA,NA,1,"531",1,NA,0,6230,NA,60000,60000,6,501,100,56,1,2,4,1,1,1,0,0,0,0,1,0,0,1,0,NA,NA,NA,NA,"472031",NA,1,0,0,0,0,0,0,0,0,0,0,0,0,0,0,0,0,0,0,0,0,0,0,0,NA,0,NA,0,NA,0,0,0,0,0,0,0,0,0,0,0,0,0,0,0,0,0,0,0,0,0,0,0,0,0,0,0,0,0,0,0,0,0,0,0,0,0,0,0,0,0,0,0,0,0,0,0,69,68,54,53,77,64,64,15,11,18,54,74,39,12,73,70,12,53,115,12,16,19,48,56,43,58,53,93,76,59,69,18,59,167,55,48,124,69,12,13,12,15,58,51,62,43,47,81,83,108,48,15,42,56,51,59,65,55,20,82,110,132,58,54,54,64,39,13,19,12,61,115,67,26,54,55,20,61,86,87
"1011","P","236463",2,400,56,1008425,136,70,1,NA,NA,2,2,2,2,2,NA,2,2,NA,NA,2,NA,NA,1,2,1,2,2,1,2,0,NA,NA,NA,2,1,2,2,2,2,1982,1,2,0,0,0,1,1,0,0,0,0,2,3,2,2,2,0,0,1,12000,1,NA,17,0,1,0,22500,0,NA,3,NA,2,NA,2,50,26,NA,2,NA,NA,6,1,NA,NA,1,1,NA,NA,NA,NA,NA,NA,1,"",1,NA,0,NA,NA,0,34500,26,450,NA,NA,1,1,3,1,1,1,0,0,0,0,1,0,0,1,0,NA,NA,NA,NA,"",6,1,0,0,0,0,0,0,0,0,0,0,0,0,0,0,0,0,0,0,0,0,0,1,1,0,0,NA,1,NA,1,0,1,0,0,0,0,0,0,0,0,0,0,0,0,0,0,0,0,0,0,0,0,0,0,0,0,0,0,1,1,0,0,0,0,0,0,0,0,0,0,0,0,0,0,0,0,125,54,153,40,55,205,224,132,116,131,141,46,227,159,149,113,42,223,131,46,126,213,132,190,204,40,34,113,165,148,122,145,35,167,168,140,195,43,150,199,132,38,163,35,32,229,285,133,123,163,133,38,225,143,145,126,53,321,137,43,146,227,155,209,219,31,37,119,108,123,120,201,44,158,130,152,196,43,167,269
"540","P","137924",4,400,56,1008425,254,4,1,NA,NA,NA,2,2,NA,NA,NA,NA,NA,NA,NA,NA,NA,NA,2,1,2,1,2,2,2,NA,NA,NA,NA,NA,5,NA,NA,NA,NA,NA,1,NA,NA,NA,NA,NA,NA,NA,NA,NA,NA,NA,NA,NA,NA,NA,NA,NA,4,NA,1,NA,1,NA,2,NA,NA,NA,NA,NA,NA,NA,NA,1,924,999,NA,2,NA,1,NA,0,NA,NA,1,1,NA,NA,NA,NA,NA,NA,NA,"",1,1,1,NA,NA,NA,NA,56,120,NA,NA,1,1,1,1,1,1,0,0,0,0,1,0,0,1,1,NA,NA,NA,NA,"",NA,1,0,0,0,0,0,0,0,0,0,0,0,0,0,0,0,0,0,0,0,0,0,0,0,NA,0,1,0,NA,0,0,0,0,0,0,0,0,0,0,0,0,0,0,0,0,0,0,0,0,0,0,0,0,0,0,0,0,0,0,0,0,0,0,0,0,0,0,0,0,0,0,0,0,0,0,0,416,418,258,369,95,196,237,224,264,84,231,270,548,373,77,106,386,233,75,229,79,73,250,391,318,227,235,204,293,398,289,257,71,84,364,389,82,240,435,194,410,351,220,327,108,232,231,237,266,88,269,254,434,430,81,88,359,219,83,194,68,81,251,285,459,340,231,226,290,332,280,329,94,89,409,368,67,278,468,260
"3505","P","887608",1,400,56,1008425,43,75,1,NA,NA,2,1,2,2,1,NA,NA,2,NA,NA,2,NA,NA,2,2,1,2,2,2,2,0,NA,NA,NA,2,1,2,2,1,2,1958,1,4,NA,NA,NA,NA,NA,NA,NA,NA,NA,2,5,2,2,3,0,0,0,0,1,NA,20,0,2,0,1800,0,NA,3,NA,2,NA,2,32,22,NA,1,NA,NA,6,0,NA,NA,1,1,NA,NA,NA,NA,NA,NA,2,"",1,NA,0,NA,4,0,1800,56,15,NA,NA,2,1,4,1,1,1,0,0,0,0,1,0,0,1,0,NA,NA,NA,NA,"",NA,1,0,0,0,0,0,0,0,0,0,0,0,0,0,0,0,0,0,0,0,0,0,0,0,0,0,NA,0,NA,0,0,0,0,0,0,0,0,0,0,0,0,0,0,0,0,0,0,0,0,0,0,0,0,0,0,0,0,0,0,0,0,0,0,0,0,0,0,0,0,0,0,0,0,0,0,0,12,32,31,42,12,77,14,42,83,69,68,38,12,76,47,42,35,42,13,12,42,13,16,79,46,53,33,82,50,46,41,14,37,41,68,12,99,95,47,48,85,44,40,37,62,15,66,37,9,9,11,43,72,12,43,42,38,46,82,75,50,94,83,11,39,60,46,11,46,50,42,88,39,35,14,74,12,14,53,38
"1063","P","251620",1,300,56,1008425,79,50,1,NA,4,2,2,2,2,2,NA,NA,2,NA,2,2,NA,NA,1,2,2,2,2,2,2,0,6,1,1,2,3,2,2,1,2,1984,1,4,NA,NA,NA,NA,NA,NA,NA,NA,NA,3,5,3,3,3,0,0,0,0,1,NA,16,0,2,0,0,50000,40,1,1,1,NA,4,999,999,NA,2,1,NA,1,0,NA,NA,1,1,9370,164,101,NA,NA,NA,4,"9211MP",1,NA,0,1965,4,50000,50000,56,410,300,56,1,2,4,1,1,1,0,0,0,0,1,0,0,1,0,NA,NA,NA,NA,"1940YY",NA,1,0,0,0,0,0,0,0,0,0,0,0,0,0,0,0,0,0,0,0,0,0,0,0,NA,0,NA,0,NA,0,0,0,0,0,0,1,1,0,0,0,0,0,0,0,0,1,0,0,0,0,0,1,0,0,0,0,0,1,0,0,0,0,0,0,0,0,0,0,0,0,0,0,0,0,0,0,72,103,132,124,81,157,110,74,78,70,91,136,65,144,89,142,108,151,136,74,54,88,22,18,93,20,32,100,64,86,76,22,82,30,77,25,28,21,23,77,67,84,126,123,72,156,118,76,87,72,100,154,68,162,97,139,123,132,125,91,86,97,25,20,75,26,18,68,78,72,112,23,69,24,83,26,20,21,26,103
"3438","P","870483",1,400,56,1008425,67,61,1,NA,1,2,2,2,2,2,NA,NA,2,NA,NA,2,NA,NA,1,2,2,2,2,2,2,500,60,1,1,2,3,2,2,1,2,1975,1,4,NA,NA,NA,NA,NA,NA,NA,NA,NA,3,5,3,3,3,0,0,0,0,1,NA,20,0,1,0,0,80000,48,1,1,1,NA,1,32,999,NA,2,1,NA,1,0,NA,NA,1,1,380,76,25,NA,NA,NA,4,"2121",1,NA,0,8630,NA,80000,80500,39,501,400,56,1,2,4,1,1,1,0,0,0,0,1,0,0,1,0,NA,NA,NA,NA,"518090",NA,1,0,0,0,0,0,0,0,0,0,0,0,0,0,0,0,0,0,0,0,0,0,0,0,NA,0,NA,0,NA,0,0,0,0,0,0,0,0,0,0,0,0,0,0,0,0,0,0,0,0,0,0,0,0,0,0,0,0,0,0,0,0,0,0,0,0,0,0,0,0,0,0,0,0,0,0,0,89,22,66,54,18,57,83,98,203,90,70,67,60,61,20,16,14,61,158,95,58,29,105,77,21,79,127,96,94,79,81,53,56,77,21,23,22,75,106,17,83,112,58,70,144,52,18,26,16,56,81,77,57,57,100,103,103,78,30,27,67,129,78,79,124,66,18,22,19,58,52,84,84,63,101,118,140,90,24,131
"1067","P","254220",1,500,56,1008425,114,65,1,NA,NA,2,2,2,2,2,NA,2,2,NA,NA,2,NA,NA,2,2,1,2,2,1,2,0,NA,NA,NA,2,2,2,2,2,2,1977,1,2,0,0,0,1,0,0,0,0,0,3,5,3,3,3,0,0,0,25400,1,NA,18,0,1,0,10800,0,NA,3,NA,NA,NA,4,999,999,NA,2,NA,NA,6,1,NA,NA,1,1,NA,NA,NA,NA,NA,NA,3,"",1,NA,0,NA,NA,0,36200,42,321,NA,NA,2,1,4,1,1,1,0,0,0,0,1,0,0,1,0,NA,NA,NA,NA,"",6,1,1,0,1,0,0,1,1,1,1,1,1,0,1,1,0,1,0,0,0,0,0,1,1,0,1,NA,1,NA,1,1,1,0,0,1,0,0,0,0,0,1,1,1,1,1,1,1,1,0,1,1,0,1,1,1,1,1,0,1,1,0,0,1,0,1,1,1,0,1,1,1,0,1,0,0,0,143,122,36,39,38,147,176,132,126,104,154,199,179,103,31,104,235,119,98,159,33,135,209,125,199,180,109,137,140,104,30,38,28,116,134,118,34,135,169,44,167,134,33,48,43,87,124,113,92,143,179,174,184,110,33,113,210,118,102,254,30,89,208,149,186,146,126,173,135,88,34,29,34,122,162,95,29,148,126,34
"2864","P","740675",1,200,56,1008425,40,79,1,NA,NA,2,2,2,2,2,NA,2,2,NA,NA,2,NA,NA,2,1,1,2,2,2,2,133000,NA,NA,NA,2,1,2,2,1,2,1972,1,2,0,0,0,0,1,1,0,0,0,2,5,2,2,3,0,0,0,0,1,NA,22,0,1,0,11200,0,NA,3,NA,2,NA,1,183,999,NA,2,NA,NA,6,0,2406,NA,1,1,NA,NA,NA,NA,NA,NA,1,"",1,NA,0,NA,NA,0,144200,29,501,NA,NA,1,1,4,1,1,1,0,0,0,0,1,0,0,1,0,1,2,NA,NA,"",9,1,0,0,0,0,0,0,0,0,0,0,0,0,0,0,0,0,0,0,0,0,0,0,0,0,0,NA,0,NA,0,0,0,0,0,0,0,0,0,0,0,0,0,0,0,0,0,0,0,0,0,0,0,0,0,0,0,0,0,0,0,0,0,0,0,0,0,0,0,0,0,0,0,0,0,0,0,58,11,14,49,36,67,47,40,45,49,56,47,28,11,18,71,77,15,38,48,17,67,74,39,42,14,37,32,40,51,12,38,41,46,55,11,10,60,50,36,16,58,60,37,54,17,34,40,36,49,12,33,30,57,76,11,13,44,34,67,61,14,12,39,53,65,33,52,43,43,73,52,38,11,15,76,52,12,40,43
"4671","P","1212557",4,100,56,1008425,120,15,1,NA,NA,2,2,2,2,2,NA,NA,2,NA,NA,NA,NA,NA,1,2,2,2,2,2,2,0,NA,NA,NA,2,5,NA,NA,NA,NA,NA,1,NA,NA,NA,NA,NA,NA,NA,NA,NA,NA,NA,NA,NA,NA,NA,0,0,2,0,2,11,12,0,1,0,0,0,NA,NA,NA,NA,NA,4,999,999,NA,2,NA,1,NA,0,NA,NA,1,1,NA,NA,NA,NA,NA,NA,6,"",1,1,1,NA,NA,NA,0,37,501,NA,NA,1,2,2,1,1,1,0,0,0,0,1,0,0,1,1,NA,NA,NA,NA,"",NA,1,0,0,0,0,0,0,0,0,0,0,0,0,0,0,0,0,0,0,0,0,0,0,0,NA,0,NA,0,NA,0,0,0,0,0,0,0,0,0,0,0,0,0,0,0,0,0,0,0,0,0,0,0,0,0,0,0,0,0,0,0,0,0,0,0,0,0,0,0,0,0,0,0,0,0,0,0,150,133,37,157,217,131,140,240,70,31,67,37,117,163,99,118,108,172,152,36,218,132,42,129,182,115,110,165,129,45,40,35,114,101,94,122,172,189,186,146,40,106,234,134,38,91,104,40,116,162,198,235,107,124,114,104,113,27,42,243,29,127,133,180,33,106,155,32,103,211,200,195,172,166,111,149,97,42,36,38
"2727","P","705922",2,400,56,1008425,27,33,1,NA,6,2,2,2,2,2,NA,NA,2,NA,2,2,NA,NA,1,2,2,2,2,2,2,0,NA,NA,NA,2,1,2,2,1,2,2004,3,4,NA,NA,NA,NA,NA,NA,NA,NA,NA,1,5,2,3,3,0,0,1,0,1,NA,19,5400,2,0,0,0,40,1,4,2,NA,1,924,999,NA,2,NA,NA,2,0,NA,NA,1,1,8470,NA,NA,NA,400,56,1,"6244",1,NA,0,4600,2,5400,5400,18,411,NA,NA,1,2,3,1,1,1,0,0,0,0,1,0,0,1,0,NA,NA,NA,NA,"399011",NA,1,0,0,0,0,0,1,0,0,1,0,0,0,0,0,0,0,0,0,0,0,0,0,0,NA,0,NA,0,NA,0,0,0,0,0,0,0,0,0,0,0,0,0,0,0,0,0,0,0,0,0,0,0,0,0,0,0,0,0,0,0,0,0,0,0,0,0,0,0,0,0,0,0,0,0,0,0,36,24,7,40,43,46,48,10,27,31,45,9,24,30,9,32,30,5,30,33,31,36,43,7,7,7,8,55,28,29,9,58,31,32,51,26,22,40,30,24,23,28,39,10,8,8,9,53,32,24,7,45,28,35,52,31,25,50,31,25,30,26,7,49,52,50,61,9,22,33,58,8,31,26,8,29,24,8,31,40
"4009","P","1013878",2,300,56,1008425,463,32,1,NA,5,2,2,2,2,2,NA,2,2,NA,NA,2,NA,NA,2,2,2,2,1,2,2,0,10,1,1,2,1,2,2,1,2,2006,1,2,1,0,0,0,0,0,0,0,0,3,5,3,3,3,0,0,1,0,2,15,20,0,1,0,0,57000,40,1,1,1,NA,1,902,999,NA,2,1,NA,1,0,NA,NA,1,1,9590,84,43,NA,NA,NA,1,"928P",1,NA,0,7330,NA,57000,57000,6,478,300,56,1,2,4,2,2,2,0,0,1,0,1,0,0,0,0,NA,NA,NA,NA,"49904X",1,1,0,0,0,0,0,0,0,0,0,0,0,0,0,0,0,0,0,0,0,0,0,0,0,NA,0,NA,0,0,0,0,0,0,0,0,0,0,0,0,0,0,0,0,0,0,0,0,0,0,0,0,0,0,0,0,0,0,0,0,0,0,0,0,0,0,0,0,0,0,0,0,0,0,0,0,0,410,606,479,497,218,509,226,600,389,441,606,460,457,737,175,653,485,189,258,330,341,408,593,185,482,731,468,153,776,770,524,596,270,350,349,476,190,467,457,717,419,568,522,487,168,464,163,546,408,383,537,486,493,721,209,447,379,210,202,459,210,593,568,205,405,415,485,175,625,657,554,635,167,469,625,605,194,480,506,637
